date,player_of_match,venue,neutral_venue,team1,team2,toss_winner,toss_decision,winner,result,result_margin,eliminator,umpire1,umpire2
2008-04-18,BB McCullum,M Chinnaswamy Stadium,0,Royal Challengers Bangalore,Kolkata Knight Riders,Royal Challengers Bangalore,field,Kolkata Knight Riders,runs,140.0,N,Asad Rauf,RE Koertzen
2008-04-19,MEK Hussey,"Punjab Cricket Association Stadium, Mohali",0,Kings XI Punjab,Chennai Super Kings,Chennai Super Kings,bat,Chennai Super Kings,runs,33.0,N,MR Benson,SL Shastri
2008-04-19,MF Maharoof,Feroz Shah Kotla,0,Delhi Daredevils,Rajasthan Royals,Rajasthan Royals,bat,Delhi Daredevils,wickets,9.0,N,Aleem Dar,GA Pratapkumar
2008-04-20,MV Boucher,Wankhede Stadium,0,Mumbai Indians,Royal Challengers Bangalore,Mumbai Indians,bat,Royal Challengers Bangalore,wickets,5.0,N,SJ Davis,DJ Harper
2008-04-20,DJ Hussey,Eden Gardens,0,Kolkata Knight Riders,Deccan Chargers,Deccan Chargers,bat,Kolkata Knight Riders,wickets,5.0,N,BF Bowden,K Hariharan
2008-04-21,SR Watson,Sawai Mansingh Stadium,0,Rajasthan Royals,Kings XI Punjab,Kings XI Punjab,bat,Rajasthan Royals,wickets,6.0,N,Aleem Dar,RB Tiffin
2008-04-22,V Sehwag,"Rajiv Gandhi International Stadium, Uppal",0,Deccan Chargers,Delhi Daredevils,Deccan Chargers,bat,Delhi Daredevils,wickets,9.0,N,IL Howell,AM Saheba
2008-04-23,ML Hayden,"MA Chidambaram Stadium, Chepauk",0,Chennai Super Kings,Mumbai Indians,Mumbai Indians,field,Chennai Super Kings,runs,6.0,N,DJ Harper,GA Pratapkumar
2008-04-24,YK Pathan,"Rajiv Gandhi International Stadium, Uppal",0,Deccan Chargers,Rajasthan Royals,Rajasthan Royals,field,Rajasthan Royals,wickets,3.0,N,Asad Rauf,MR Benson
2008-04-25,KC Sangakkara,"Punjab Cricket Association Stadium, Mohali",0,Kings XI Punjab,Mumbai Indians,Mumbai Indians,field,Kings XI Punjab,runs,66.0,N,Aleem Dar,AM Saheba
2008-04-26,SR Watson,M Chinnaswamy Stadium,0,Royal Challengers Bangalore,Rajasthan Royals,Rajasthan Royals,field,Rajasthan Royals,wickets,7.0,N,MR Benson,IL Howell
2008-04-26,JDP Oram,"MA Chidambaram Stadium, Chepauk",0,Chennai Super Kings,Kolkata Knight Riders,Kolkata Knight Riders,bat,Chennai Super Kings,wickets,9.0,N,BF Bowden,AV Jayaprakash
2008-04-27,AC Gilchrist,Dr DY Patil Sports Academy,0,Mumbai Indians,Deccan Chargers,Deccan Chargers,field,Deccan Chargers,wickets,10.0,N,Asad Rauf,SL Shastri
2008-04-27,SM Katich,"Punjab Cricket Association Stadium, Mohali",0,Kings XI Punjab,Delhi Daredevils,Delhi Daredevils,bat,Kings XI Punjab,wickets,4.0,N,RE Koertzen,I Shivram
2008-04-28,MS Dhoni,M Chinnaswamy Stadium,0,Royal Challengers Bangalore,Chennai Super Kings,Chennai Super Kings,bat,Chennai Super Kings,runs,13.0,N,BR Doctrove,RB Tiffin
2008-04-29,ST Jayasuriya,Eden Gardens,0,Kolkata Knight Riders,Mumbai Indians,Kolkata Knight Riders,bat,Mumbai Indians,wickets,7.0,N,BF Bowden,AV Jayaprakash
2008-04-30,GD McGrath,Feroz Shah Kotla,0,Delhi Daredevils,Royal Challengers Bangalore,Royal Challengers Bangalore,field,Delhi Daredevils,runs,10.0,N,Aleem Dar,I Shivram
2008-05-01,SE Marsh,"Rajiv Gandhi International Stadium, Uppal",0,Deccan Chargers,Kings XI Punjab,Kings XI Punjab,field,Kings XI Punjab,wickets,7.0,N,BR Doctrove,RB Tiffin
2008-05-01,SA Asnodkar,Sawai Mansingh Stadium,0,Rajasthan Royals,Kolkata Knight Riders,Rajasthan Royals,bat,Rajasthan Royals,runs,45.0,N,RE Koertzen,GA Pratapkumar
2008-05-02,V Sehwag,"MA Chidambaram Stadium, Chepauk",0,Chennai Super Kings,Delhi Daredevils,Chennai Super Kings,bat,Delhi Daredevils,wickets,8.0,N,BF Bowden,K Hariharan
2008-05-25,R Vinay Kumar,"Rajiv Gandhi International Stadium, Uppal",0,Deccan Chargers,Royal Challengers Bangalore,Deccan Chargers,bat,Royal Challengers Bangalore,wickets,5.0,N,Asad Rauf,RE Koertzen
2008-05-03,IK Pathan,"Punjab Cricket Association Stadium, Mohali",0,Kings XI Punjab,Kolkata Knight Riders,Kings XI Punjab,bat,Kings XI Punjab,runs,9.0,N,DJ Harper,I Shivram
2008-05-04,SM Pollock,Dr DY Patil Sports Academy,0,Mumbai Indians,Delhi Daredevils,Delhi Daredevils,field,Mumbai Indians,runs,29.0,N,IL Howell,RE Koertzen
2008-05-04,Sohail Tanvir,Sawai Mansingh Stadium,0,Rajasthan Royals,Chennai Super Kings,Chennai Super Kings,bat,Rajasthan Royals,wickets,8.0,N,Asad Rauf,AV Jayaprakash
2008-05-05,S Sreesanth,M Chinnaswamy Stadium,0,Royal Challengers Bangalore,Kings XI Punjab,Kings XI Punjab,field,Kings XI Punjab,wickets,6.0,N,SJ Davis,BR Doctrove
2008-05-06,AC Gilchrist,"MA Chidambaram Stadium, Chepauk",0,Chennai Super Kings,Deccan Chargers,Deccan Chargers,field,Deccan Chargers,wickets,7.0,N,MR Benson,RB Tiffin
2008-05-07,A Nehra,Dr DY Patil Sports Academy,0,Mumbai Indians,Rajasthan Royals,Mumbai Indians,field,Mumbai Indians,wickets,7.0,N,DJ Harper,RE Koertzen
2008-05-08,MS Dhoni,Feroz Shah Kotla,0,Delhi Daredevils,Chennai Super Kings,Chennai Super Kings,field,Chennai Super Kings,wickets,4.0,N,Aleem Dar,RB Tiffin
2008-05-08,SC Ganguly,Eden Gardens,0,Kolkata Knight Riders,Royal Challengers Bangalore,Kolkata Knight Riders,bat,Kolkata Knight Riders,runs,5.0,N,Asad Rauf,IL Howell
2008-05-09,YK Pathan,Sawai Mansingh Stadium,0,Rajasthan Royals,Deccan Chargers,Rajasthan Royals,field,Rajasthan Royals,wickets,8.0,N,MR Benson,AM Saheba
2008-05-28,CRD Fernando,M Chinnaswamy Stadium,0,Royal Challengers Bangalore,Mumbai Indians,Mumbai Indians,field,Mumbai Indians,wickets,9.0,N,BF Bowden,AV Jayaprakash
2008-05-10,L Balaji,"MA Chidambaram Stadium, Chepauk",0,Chennai Super Kings,Kings XI Punjab,Kings XI Punjab,field,Chennai Super Kings,runs,18.0,N,AV Jayaprakash,BG Jerling
2008-05-11,SC Ganguly,"Rajiv Gandhi International Stadium, Uppal",0,Deccan Chargers,Kolkata Knight Riders,Kolkata Knight Riders,bat,Kolkata Knight Riders,runs,23.0,N,IL Howell,AM Saheba
2008-05-11,SR Watson,Sawai Mansingh Stadium,0,Rajasthan Royals,Delhi Daredevils,Rajasthan Royals,field,Rajasthan Royals,wickets,3.0,N,SJ Davis,RE Koertzen
2008-05-12,SE Marsh,"Punjab Cricket Association Stadium, Mohali",0,Kings XI Punjab,Royal Challengers Bangalore,Royal Challengers Bangalore,bat,Kings XI Punjab,wickets,9.0,N,BR Doctrove,I Shivram
2008-05-13,Shoaib Akhtar,Eden Gardens,0,Kolkata Knight Riders,Delhi Daredevils,Kolkata Knight Riders,bat,Kolkata Knight Riders,runs,23.0,N,Asad Rauf,IL Howell
2008-05-14,ST Jayasuriya,Wankhede Stadium,0,Mumbai Indians,Chennai Super Kings,Mumbai Indians,field,Mumbai Indians,wickets,9.0,N,BR Doctrove,AM Saheba
2008-05-28,SE Marsh,"Punjab Cricket Association Stadium, Mohali",0,Kings XI Punjab,Rajasthan Royals,Rajasthan Royals,field,Kings XI Punjab,runs,41.0,N,SJ Davis,K Hariharan
2008-05-15,A Mishra,Feroz Shah Kotla,0,Delhi Daredevils,Deccan Chargers,Deccan Chargers,field,Delhi Daredevils,runs,12.0,N,BG Jerling,GA Pratapkumar
2008-05-16,SM Pollock,Wankhede Stadium,0,Mumbai Indians,Kolkata Knight Riders,Mumbai Indians,field,Mumbai Indians,wickets,8.0,N,BR Doctrove,DJ Harper
2008-05-17,DPMD Jayawardene,Feroz Shah Kotla,0,Delhi Daredevils,Kings XI Punjab,Delhi Daredevils,bat,Kings XI Punjab,runs,6.0,N,AV Jayaprakash,RE Koertzen
2008-05-17,GC Smith,Sawai Mansingh Stadium,0,Rajasthan Royals,Royal Challengers Bangalore,Royal Challengers Bangalore,field,Rajasthan Royals,runs,65.0,N,BF Bowden,SL Shastri
2008-05-18,DJ Bravo,"Rajiv Gandhi International Stadium, Uppal",0,Deccan Chargers,Mumbai Indians,Deccan Chargers,field,Mumbai Indians,runs,25.0,N,BR Doctrove,DJ Harper
2008-05-18,M Ntini,Eden Gardens,0,Kolkata Knight Riders,Chennai Super Kings,Kolkata Knight Riders,bat,Chennai Super Kings,runs,3.0,N,Asad Rauf,K Hariharan
2008-05-19,SP Goswami,M Chinnaswamy Stadium,0,Royal Challengers Bangalore,Delhi Daredevils,Delhi Daredevils,field,Delhi Daredevils,wickets,5.0,N,SJ Davis,GA Pratapkumar
2008-05-20,YK Pathan,Eden Gardens,0,Kolkata Knight Riders,Rajasthan Royals,Rajasthan Royals,field,Rajasthan Royals,wickets,6.0,N,BG Jerling,RE Koertzen
2008-05-21,SE Marsh,Wankhede Stadium,0,Mumbai Indians,Kings XI Punjab,Mumbai Indians,field,Kings XI Punjab,runs,1.0,N,BF Bowden,GA Pratapkumar
2008-05-21,A Kumble,"MA Chidambaram Stadium, Chepauk",0,Chennai Super Kings,Royal Challengers Bangalore,Royal Challengers Bangalore,bat,Royal Challengers Bangalore,runs,14.0,N,DJ Harper,I Shivram
2008-05-23,SE Marsh,"Punjab Cricket Association Stadium, Mohali",0,Kings XI Punjab,Deccan Chargers,Kings XI Punjab,field,Kings XI Punjab,wickets,6.0,N,Asad Rauf,SJ Davis
2008-05-24,KD Karthik,Feroz Shah Kotla,0,Delhi Daredevils,Mumbai Indians,Delhi Daredevils,field,Delhi Daredevils,wickets,5.0,N,BF Bowden,K Hariharan
2008-05-24,JA Morkel,"MA Chidambaram Stadium, Chepauk",0,Chennai Super Kings,Rajasthan Royals,Rajasthan Royals,bat,Rajasthan Royals,runs,10.0,N,DJ Harper,SL Shastri
2008-05-03,P Kumar,M Chinnaswamy Stadium,0,Royal Challengers Bangalore,Deccan Chargers,Deccan Chargers,field,Royal Challengers Bangalore,runs,3.0,N,BR Doctrove,SL Shastri
2008-05-25,Umar Gul,Eden Gardens,0,Kolkata Knight Riders,Kings XI Punjab,Kings XI Punjab,bat,Kolkata Knight Riders,wickets,3.0,N,SJ Davis,I Shivram
2008-05-26,Sohail Tanvir,Sawai Mansingh Stadium,0,Rajasthan Royals,Mumbai Indians,Rajasthan Royals,field,Rajasthan Royals,wickets,5.0,N,BF Bowden,K Hariharan
2008-05-27,SK Raina,"Rajiv Gandhi International Stadium, Uppal",0,Deccan Chargers,Chennai Super Kings,Deccan Chargers,bat,Chennai Super Kings,wickets,7.0,N,BG Jerling,AM Saheba
2008-05-30,SR Watson,Wankhede Stadium,0,Delhi Daredevils,Rajasthan Royals,Delhi Daredevils,field,Rajasthan Royals,runs,105.0,N,BF Bowden,RE Koertzen
2008-05-31,M Ntini,Wankhede Stadium,0,Chennai Super Kings,Kings XI Punjab,Kings XI Punjab,bat,Chennai Super Kings,wickets,9.0,N,Asad Rauf,DJ Harper
2008-06-01,YK Pathan,Dr DY Patil Sports Academy,0,Chennai Super Kings,Rajasthan Royals,Rajasthan Royals,field,Rajasthan Royals,wickets,3.0,N,BF Bowden,RE Koertzen
2009-04-18,SR Tendulkar,Newlands,1,Chennai Super Kings,Mumbai Indians,Chennai Super Kings,field,Mumbai Indians,runs,19.0,N,BR Doctrove,K Hariharan
2009-04-18,R Dravid,Newlands,1,Royal Challengers Bangalore,Rajasthan Royals,Royal Challengers Bangalore,bat,Royal Challengers Bangalore,runs,75.0,N,BR Doctrove,RB Tiffin
2009-04-19,DL Vettori,Newlands,1,Delhi Daredevils,Kings XI Punjab,Delhi Daredevils,field,Delhi Daredevils,wickets,10.0,N,MR Benson,SD Ranade
2009-04-19,RP Singh,Newlands,1,Deccan Chargers,Kolkata Knight Riders,Kolkata Knight Riders,bat,Deccan Chargers,wickets,8.0,N,MR Benson,BR Doctrove
2009-04-20,M Muralitharan,St George's Park,1,Royal Challengers Bangalore,Chennai Super Kings,Chennai Super Kings,bat,Chennai Super Kings,runs,92.0,N,BG Jerling,SJA Taufel
2009-04-21,CH Gayle,Kingsmead,1,Kings XI Punjab,Kolkata Knight Riders,Kolkata Knight Riders,field,Kolkata Knight Riders,runs,11.0,N,DJ Harper,SD Ranade
2009-04-22,AC Gilchrist,Newlands,1,Royal Challengers Bangalore,Deccan Chargers,Deccan Chargers,bat,Deccan Chargers,runs,24.0,N,M Erasmus,AM Saheba
2009-04-23,AB de Villiers,Kingsmead,1,Chennai Super Kings,Delhi Daredevils,Delhi Daredevils,bat,Delhi Daredevils,runs,9.0,N,BR Doctrove,SJA Taufel
2009-04-23,YK Pathan,Newlands,1,Kolkata Knight Riders,Rajasthan Royals,Kolkata Knight Riders,field,Rajasthan Royals,tie,,Y,MR Benson,M Erasmus
2009-04-24,RS Bopara,Kingsmead,1,Royal Challengers Bangalore,Kings XI Punjab,Royal Challengers Bangalore,bat,Kings XI Punjab,wickets,7.0,N,BR Doctrove,TH Wijewardene
2009-04-25,PP Ojha,Kingsmead,1,Deccan Chargers,Mumbai Indians,Deccan Chargers,bat,Deccan Chargers,runs,12.0,N,HDPK Dharmasena,SJA Taufel
2009-04-26,TM Dilshan,St George's Park,1,Royal Challengers Bangalore,Delhi Daredevils,Royal Challengers Bangalore,bat,Delhi Daredevils,wickets,6.0,N,S Asnani,BG Jerling
2009-04-26,KC Sangakkara,Newlands,1,Kings XI Punjab,Rajasthan Royals,Kings XI Punjab,bat,Kings XI Punjab,runs,27.0,N,M Erasmus,K Hariharan
2009-04-27,HH Gibbs,Kingsmead,1,Chennai Super Kings,Deccan Chargers,Deccan Chargers,field,Deccan Chargers,wickets,6.0,N,IL Howell,TH Wijewardene
2009-04-27,SR Tendulkar,St George's Park,1,Kolkata Knight Riders,Mumbai Indians,Mumbai Indians,bat,Mumbai Indians,runs,92.0,N,BG Jerling,RB Tiffin
2009-04-28,YK Pathan,SuperSport Park,1,Delhi Daredevils,Rajasthan Royals,Delhi Daredevils,bat,Rajasthan Royals,wickets,5.0,N,GAV Baxter,RE Koertzen
2009-04-29,MV Boucher,Kingsmead,1,Royal Challengers Bangalore,Kolkata Knight Riders,Kolkata Knight Riders,bat,Royal Challengers Bangalore,wickets,5.0,N,MR Benson,TH Wijewardene
2009-04-29,KC Sangakkara,Kingsmead,1,Kings XI Punjab,Mumbai Indians,Kings XI Punjab,bat,Kings XI Punjab,runs,3.0,N,MR Benson,SL Shastri
2009-04-30,DP Nannes,SuperSport Park,1,Deccan Chargers,Delhi Daredevils,Delhi Daredevils,field,Delhi Daredevils,wickets,6.0,N,GAV Baxter,AM Saheba
2009-04-30,SK Raina,SuperSport Park,1,Chennai Super Kings,Rajasthan Royals,Rajasthan Royals,field,Chennai Super Kings,runs,38.0,N,GAV Baxter,RE Koertzen
2009-05-01,JP Duminy,Buffalo Park,1,Kolkata Knight Riders,Mumbai Indians,Mumbai Indians,bat,Mumbai Indians,runs,9.0,N,M Erasmus,SK Tarapore
2009-05-01,Yuvraj Singh,Kingsmead,1,Royal Challengers Bangalore,Kings XI Punjab,Royal Challengers Bangalore,bat,Royal Challengers Bangalore,runs,8.0,N,HDPK Dharmasena,S Ravi
2009-05-02,YK Pathan,St George's Park,1,Deccan Chargers,Rajasthan Royals,Deccan Chargers,bat,Rajasthan Royals,wickets,3.0,N,S Asnani,BG Jerling
2009-05-02,SB Jakati,New Wanderers Stadium,1,Chennai Super Kings,Delhi Daredevils,Delhi Daredevils,field,Chennai Super Kings,runs,18.0,N,DJ Harper,RE Koertzen
2009-05-03,DPMD Jayawardene,St George's Park,1,Kings XI Punjab,Kolkata Knight Riders,Kolkata Knight Riders,bat,Kings XI Punjab,wickets,6.0,N,S Asnani,MR Benson
2009-05-03,JH Kallis,New Wanderers Stadium,1,Royal Challengers Bangalore,Mumbai Indians,Mumbai Indians,bat,Royal Challengers Bangalore,wickets,9.0,N,RE Koertzen,TH Wijewardene
2009-05-04,MS Dhoni,Buffalo Park,1,Chennai Super Kings,Deccan Chargers,Chennai Super Kings,bat,Chennai Super Kings,runs,78.0,N,BR Doctrove,M Erasmus
2009-05-05,GC Smith,Kingsmead,1,Kings XI Punjab,Rajasthan Royals,Kings XI Punjab,field,Rajasthan Royals,runs,78.0,N,SS Hazare,IL Howell
2009-05-05,G Gambhir,Kingsmead,1,Delhi Daredevils,Kolkata Knight Riders,Kolkata Knight Riders,bat,Delhi Daredevils,wickets,9.0,N,GAV Baxter,IL Howell
2009-05-06,RG Sharma,SuperSport Park,1,Deccan Chargers,Mumbai Indians,Deccan Chargers,bat,Deccan Chargers,runs,19.0,N,MR Benson,HDPK Dharmasena
2009-05-07,A Singh,SuperSport Park,1,Royal Challengers Bangalore,Rajasthan Royals,Rajasthan Royals,field,Rajasthan Royals,wickets,7.0,N,K Hariharan,DJ Harper
2009-05-07,ML Hayden,SuperSport Park,1,Chennai Super Kings,Kings XI Punjab,Chennai Super Kings,bat,Chennai Super Kings,runs,12.0,N,DJ Harper,TH Wijewardene
2009-05-08,A Nehra,Buffalo Park,1,Delhi Daredevils,Mumbai Indians,Mumbai Indians,bat,Delhi Daredevils,wickets,7.0,N,M Erasmus,SK Tarapore
2009-05-09,DPMD Jayawardene,De Beers Diamond Oval,1,Deccan Chargers,Kings XI Punjab,Kings XI Punjab,field,Kings XI Punjab,wickets,3.0,N,GAV Baxter,AM Saheba
2009-05-09,S Badrinath,De Beers Diamond Oval,1,Chennai Super Kings,Rajasthan Royals,Rajasthan Royals,bat,Chennai Super Kings,wickets,7.0,N,GAV Baxter,HDPK Dharmasena
2009-05-10,JP Duminy,St George's Park,1,Royal Challengers Bangalore,Mumbai Indians,Mumbai Indians,bat,Mumbai Indians,runs,16.0,N,BR Doctrove,BG Jerling
2009-05-10,A Mishra,New Wanderers Stadium,1,Delhi Daredevils,Kolkata Knight Riders,Delhi Daredevils,field,Delhi Daredevils,wickets,7.0,N,SL Shastri,RB Tiffin
2009-05-11,DR Smith,De Beers Diamond Oval,1,Deccan Chargers,Rajasthan Royals,Deccan Chargers,bat,Deccan Chargers,runs,53.0,N,GAV Baxter,HDPK Dharmasena
2009-05-12,LRPL Taylor,SuperSport Park,1,Royal Challengers Bangalore,Kolkata Knight Riders,Royal Challengers Bangalore,field,Royal Challengers Bangalore,wickets,6.0,N,M Erasmus,SS Hazare
2009-05-12,Harbhajan Singh,SuperSport Park,1,Kings XI Punjab,Mumbai Indians,Kings XI Punjab,bat,Mumbai Indians,wickets,8.0,N,SS Hazare,RE Koertzen
2009-05-13,R Bhatia,Kingsmead,1,Deccan Chargers,Delhi Daredevils,Deccan Chargers,field,Delhi Daredevils,runs,12.0,N,DJ Harper,SL Shastri
2009-05-14,LRPL Taylor,Kingsmead,1,Royal Challengers Bangalore,Chennai Super Kings,Chennai Super Kings,bat,Royal Challengers Bangalore,wickets,2.0,N,BR Doctrove,DJ Harper
2009-05-14,SK Warne,Kingsmead,1,Mumbai Indians,Rajasthan Royals,Rajasthan Royals,bat,Rajasthan Royals,runs,2.0,N,BR Doctrove,DJ Harper
2009-05-15,B Lee,OUTsurance Oval,1,Delhi Daredevils,Kings XI Punjab,Kings XI Punjab,field,Kings XI Punjab,wickets,6.0,N,HDPK Dharmasena,IL Howell
2009-05-16,ML Hayden,St George's Park,1,Chennai Super Kings,Mumbai Indians,Mumbai Indians,bat,Chennai Super Kings,wickets,7.0,N,SK Tarapore,SJA Taufel
2009-05-16,RG Sharma,New Wanderers Stadium,1,Deccan Chargers,Kolkata Knight Riders,Deccan Chargers,field,Deccan Chargers,wickets,6.0,N,RE Koertzen,S Ravi
2009-05-17,Yuvraj Singh,New Wanderers Stadium,1,Deccan Chargers,Kings XI Punjab,Deccan Chargers,field,Kings XI Punjab,runs,1.0,N,S Ravi,RB Tiffin
2009-05-17,AB de Villiers,OUTsurance Oval,1,Delhi Daredevils,Rajasthan Royals,Delhi Daredevils,bat,Delhi Daredevils,runs,14.0,N,SS Hazare,IL Howell
2009-05-18,BJ Hodge,SuperSport Park,1,Chennai Super Kings,Kolkata Knight Riders,Chennai Super Kings,bat,Kolkata Knight Riders,wickets,7.0,N,SJA Taufel,RB Tiffin
2009-05-19,JH Kallis,New Wanderers Stadium,1,Royal Challengers Bangalore,Delhi Daredevils,Delhi Daredevils,bat,Royal Challengers Bangalore,wickets,7.0,N,IL Howell,RB Tiffin
2009-05-20,LR Shukla,Kingsmead,1,Kolkata Knight Riders,Rajasthan Royals,Kolkata Knight Riders,field,Kolkata Knight Riders,wickets,4.0,N,BG Jerling,SJA Taufel
2009-05-20,M Muralitharan,Kingsmead,1,Chennai Super Kings,Kings XI Punjab,Chennai Super Kings,bat,Chennai Super Kings,runs,24.0,N,BG Jerling,SJA Taufel
2009-05-21,V Sehwag,SuperSport Park,1,Delhi Daredevils,Mumbai Indians,Delhi Daredevils,field,Delhi Daredevils,wickets,4.0,N,IL Howell,S Ravi
2009-05-21,MK Pandey,SuperSport Park,1,Royal Challengers Bangalore,Deccan Chargers,Royal Challengers Bangalore,bat,Royal Challengers Bangalore,runs,12.0,N,IL Howell,S Ravi
2009-05-22,AC Gilchrist,SuperSport Park,1,Delhi Daredevils,Deccan Chargers,Deccan Chargers,field,Deccan Chargers,wickets,6.0,N,BR Doctrove,DJ Harper
2009-05-23,MK Pandey,New Wanderers Stadium,1,Royal Challengers Bangalore,Chennai Super Kings,Royal Challengers Bangalore,field,Royal Challengers Bangalore,wickets,6.0,N,RE Koertzen,SJA Taufel
2009-05-24,A Kumble,New Wanderers Stadium,1,Royal Challengers Bangalore,Deccan Chargers,Royal Challengers Bangalore,field,Deccan Chargers,runs,6.0,N,RE Koertzen,SJA Taufel
2010-03-12,AD Mathews,Dr DY Patil Sports Academy,0,Deccan Chargers,Kolkata Knight Riders,Deccan Chargers,field,Kolkata Knight Riders,runs,11.0,N,RE Koertzen,RB Tiffin
2010-03-13,YK Pathan,Brabourne Stadium,0,Mumbai Indians,Rajasthan Royals,Mumbai Indians,bat,Mumbai Indians,runs,4.0,N,RE Koertzen,RB Tiffin
2010-03-13,G Gambhir,"Punjab Cricket Association Stadium, Mohali",0,Kings XI Punjab,Delhi Daredevils,Delhi Daredevils,field,Delhi Daredevils,wickets,5.0,N,BR Doctrove,S Ravi
2010-03-14,MK Tiwary,Eden Gardens,0,Kolkata Knight Riders,Royal Challengers Bangalore,Kolkata Knight Riders,field,Kolkata Knight Riders,wickets,7.0,N,HDPK Dharmasena,AM Saheba
2010-03-14,WPUJC Vaas,"MA Chidambaram Stadium, Chepauk",0,Chennai Super Kings,Deccan Chargers,Deccan Chargers,bat,Deccan Chargers,runs,31.0,N,K Hariharan,DJ Harper
2010-03-15,V Sehwag,"Sardar Patel Stadium, Motera",0,Rajasthan Royals,Delhi Daredevils,Delhi Daredevils,field,Delhi Daredevils,wickets,6.0,N,BG Jerling,RE Koertzen
2010-03-16,JH Kallis,M Chinnaswamy Stadium,0,Royal Challengers Bangalore,Kings XI Punjab,Kings XI Punjab,bat,Royal Challengers Bangalore,wickets,8.0,N,S Das,DJ Harper
2010-03-16,MS Dhoni,Eden Gardens,0,Kolkata Knight Riders,Chennai Super Kings,Chennai Super Kings,bat,Chennai Super Kings,runs,55.0,N,HDPK Dharmasena,AM Saheba
2010-03-17,SR Tendulkar,Feroz Shah Kotla,0,Delhi Daredevils,Mumbai Indians,Delhi Daredevils,field,Mumbai Indians,runs,98.0,N,BR Doctrove,SK Tarapore
2010-03-18,JH Kallis,M Chinnaswamy Stadium,0,Royal Challengers Bangalore,Rajasthan Royals,Royal Challengers Bangalore,field,Royal Challengers Bangalore,wickets,10.0,N,K Hariharan,DJ Harper
2010-03-19,ML Hayden,Feroz Shah Kotla,0,Delhi Daredevils,Chennai Super Kings,Delhi Daredevils,bat,Chennai Super Kings,wickets,5.0,N,BR Doctrove,SK Tarapore
2010-03-19,A Symonds,Barabati Stadium,0,Deccan Chargers,Kings XI Punjab,Kings XI Punjab,field,Deccan Chargers,runs,6.0,N,BF Bowden,M Erasmus
2010-03-20,AA Jhunjhunwala,"Sardar Patel Stadium, Motera",0,Rajasthan Royals,Kolkata Knight Riders,Rajasthan Royals,bat,Rajasthan Royals,runs,34.0,N,RE Koertzen,RB Tiffin
2010-03-20,JH Kallis,Brabourne Stadium,0,Mumbai Indians,Royal Challengers Bangalore,Mumbai Indians,bat,Royal Challengers Bangalore,wickets,7.0,N,HDPK Dharmasena,SS Hazare
2010-03-21,A Symonds,Barabati Stadium,0,Deccan Chargers,Delhi Daredevils,Deccan Chargers,bat,Deccan Chargers,runs,10.0,N,BF Bowden,M Erasmus
2010-03-21,J Theron,"MA Chidambaram Stadium, Chepauk",0,Chennai Super Kings,Kings XI Punjab,Chennai Super Kings,field,Kings XI Punjab,tie,,Y,K Hariharan,DJ Harper
2010-03-22,SR Tendulkar,Brabourne Stadium,0,Mumbai Indians,Kolkata Knight Riders,Kolkata Knight Riders,bat,Mumbai Indians,wickets,7.0,N,SS Hazare,SJA Taufel
2010-03-23,RV Uthappa,M Chinnaswamy Stadium,0,Royal Challengers Bangalore,Chennai Super Kings,Chennai Super Kings,field,Royal Challengers Bangalore,runs,36.0,N,RE Koertzen,RB Tiffin
2010-03-24,AC Voges,"Punjab Cricket Association Stadium, Mohali",0,Kings XI Punjab,Rajasthan Royals,Kings XI Punjab,field,Rajasthan Royals,runs,31.0,N,BR Doctrove,SK Tarapore
2010-03-25,SR Tendulkar,Brabourne Stadium,0,Mumbai Indians,Chennai Super Kings,Mumbai Indians,field,Mumbai Indians,wickets,5.0,N,BF Bowden,AM Saheba
2010-03-26,YK Pathan,"Sardar Patel Stadium, Motera",0,Rajasthan Royals,Deccan Chargers,Deccan Chargers,bat,Rajasthan Royals,wickets,8.0,N,HDPK Dharmasena,SJA Taufel
2010-03-27,MK Tiwary,"Punjab Cricket Association Stadium, Mohali",0,Kings XI Punjab,Kolkata Knight Riders,Kolkata Knight Riders,bat,Kolkata Knight Riders,runs,39.0,N,BR Doctrove,S Ravi
2010-03-25,KM Jadhav,M Chinnaswamy Stadium,0,Royal Challengers Bangalore,Delhi Daredevils,Royal Challengers Bangalore,field,Delhi Daredevils,runs,17.0,N,BG Jerling,RE Koertzen
2010-03-28,NV Ojha,"Sardar Patel Stadium, Motera",0,Rajasthan Royals,Chennai Super Kings,Rajasthan Royals,bat,Rajasthan Royals,runs,17.0,N,SS Hazare,SJA Taufel
2010-03-28,Harbhajan Singh,Dr DY Patil Sports Academy,0,Deccan Chargers,Mumbai Indians,Deccan Chargers,field,Mumbai Indians,runs,41.0,N,S Das,K Hariharan
2010-03-29,DA Warner,Feroz Shah Kotla,0,Delhi Daredevils,Kolkata Knight Riders,Delhi Daredevils,bat,Delhi Daredevils,runs,40.0,N,SS Hazare,SJA Taufel
2010-03-30,SL Malinga,Brabourne Stadium,0,Mumbai Indians,Kings XI Punjab,Mumbai Indians,field,Mumbai Indians,wickets,4.0,N,BR Doctrove,SK Tarapore
2010-03-31,M Vijay,"MA Chidambaram Stadium, Chepauk",0,Chennai Super Kings,Royal Challengers Bangalore,Royal Challengers Bangalore,bat,Chennai Super Kings,wickets,5.0,N,BG Jerling,RE Koertzen
2010-03-31,KD Karthik,Feroz Shah Kotla,0,Delhi Daredevils,Rajasthan Royals,Delhi Daredevils,bat,Delhi Daredevils,runs,67.0,N,HDPK Dharmasena,SJA Taufel
2010-04-01,SC Ganguly,Eden Gardens,0,Kolkata Knight Riders,Deccan Chargers,Kolkata Knight Riders,bat,Kolkata Knight Riders,runs,24.0,N,K Hariharan,DJ Harper
2010-04-02,KP Pietersen,"Punjab Cricket Association Stadium, Mohali",0,Kings XI Punjab,Royal Challengers Bangalore,Kings XI Punjab,bat,Royal Challengers Bangalore,wickets,6.0,N,BF Bowden,M Erasmus
2010-04-03,M Vijay,"MA Chidambaram Stadium, Chepauk",0,Chennai Super Kings,Rajasthan Royals,Chennai Super Kings,bat,Chennai Super Kings,runs,23.0,N,RE Koertzen,RB Tiffin
2010-04-03,AT Rayudu,Brabourne Stadium,0,Mumbai Indians,Deccan Chargers,Mumbai Indians,bat,Mumbai Indians,runs,63.0,N,BR Doctrove,S Ravi
2010-04-04,DPMD Jayawardene,Eden Gardens,0,Kolkata Knight Riders,Kings XI Punjab,Kolkata Knight Riders,bat,Kings XI Punjab,wickets,8.0,N,S Asnani,DJ Harper
2010-04-04,PD Collingwood,Feroz Shah Kotla,0,Delhi Daredevils,Royal Challengers Bangalore,Delhi Daredevils,bat,Delhi Daredevils,runs,37.0,N,BF Bowden,M Erasmus
2010-04-05,SK Warne,"Vidarbha Cricket Association Stadium, Jamtha",0,Deccan Chargers,Rajasthan Royals,Rajasthan Royals,bat,Rajasthan Royals,runs,2.0,N,HDPK Dharmasena,SJA Taufel
2010-04-06,SK Raina,"MA Chidambaram Stadium, Chepauk",0,Chennai Super Kings,Mumbai Indians,Chennai Super Kings,bat,Chennai Super Kings,runs,24.0,N,S Asnani,DJ Harper
2010-04-07,MJ Lumb,Sawai Mansingh Stadium,0,Rajasthan Royals,Kings XI Punjab,Kings XI Punjab,bat,Rajasthan Royals,wickets,9.0,N,S Ravi,SK Tarapore
2010-04-07,SC Ganguly,Eden Gardens,0,Kolkata Knight Riders,Delhi Daredevils,Kolkata Knight Riders,bat,Kolkata Knight Riders,runs,14.0,N,BG Jerling,RE Koertzen
2010-04-08,TL Suman,M Chinnaswamy Stadium,0,Royal Challengers Bangalore,Deccan Chargers,Deccan Chargers,field,Deccan Chargers,wickets,7.0,N,S Asnani,DJ Harper
2010-04-09,KC Sangakkara,"Punjab Cricket Association Stadium, Mohali",0,Kings XI Punjab,Mumbai Indians,Mumbai Indians,bat,Kings XI Punjab,wickets,6.0,N,M Erasmus,AM Saheba
2010-04-10,RJ Harris,"Vidarbha Cricket Association Stadium, Jamtha",0,Deccan Chargers,Chennai Super Kings,Chennai Super Kings,bat,Deccan Chargers,wickets,6.0,N,HDPK Dharmasena,SJA Taufel
2010-04-10,R Vinay Kumar,M Chinnaswamy Stadium,0,Royal Challengers Bangalore,Kolkata Knight Riders,Royal Challengers Bangalore,field,Royal Challengers Bangalore,wickets,7.0,N,K Hariharan,DJ Harper
2010-04-11,PP Chawla,Feroz Shah Kotla,0,Delhi Daredevils,Kings XI Punjab,Delhi Daredevils,bat,Kings XI Punjab,wickets,7.0,N,BF Bowden,AM Saheba
2010-04-11,SR Tendulkar,Sawai Mansingh Stadium,0,Rajasthan Royals,Mumbai Indians,Rajasthan Royals,field,Mumbai Indians,runs,37.0,N,BR Doctrove,SK Tarapore
2010-04-12,Harmeet Singh,"Vidarbha Cricket Association Stadium, Jamtha",0,Deccan Chargers,Royal Challengers Bangalore,Royal Challengers Bangalore,field,Deccan Chargers,runs,13.0,N,RE Koertzen,RB Tiffin
2010-04-13,KA Pollard,Brabourne Stadium,0,Mumbai Indians,Delhi Daredevils,Mumbai Indians,bat,Mumbai Indians,runs,39.0,N,S Asnani,DJ Harper
2010-04-13,R Ashwin,"MA Chidambaram Stadium, Chepauk",0,Chennai Super Kings,Kolkata Knight Riders,Kolkata Knight Riders,bat,Chennai Super Kings,wickets,9.0,N,SS Hazare,SJA Taufel
2010-04-14,KP Pietersen,Sawai Mansingh Stadium,0,Rajasthan Royals,Royal Challengers Bangalore,Rajasthan Royals,bat,Royal Challengers Bangalore,wickets,5.0,N,BR Doctrove,S Ravi
2010-04-15,G Gambhir,"MA Chidambaram Stadium, Chepauk",0,Chennai Super Kings,Delhi Daredevils,Chennai Super Kings,bat,Delhi Daredevils,wickets,6.0,N,HDPK Dharmasena,SS Hazare
2010-04-16,RG Sharma,Himachal Pradesh Cricket Association Stadium,0,Kings XI Punjab,Deccan Chargers,Deccan Chargers,field,Deccan Chargers,wickets,5.0,N,M Erasmus,AM Saheba
2010-04-17,R McLaren,M Chinnaswamy Stadium,0,Royal Challengers Bangalore,Mumbai Indians,Royal Challengers Bangalore,field,Mumbai Indians,runs,57.0,N,HDPK Dharmasena,SJA Taufel
2010-04-17,JD Unadkat,Eden Gardens,0,Kolkata Knight Riders,Rajasthan Royals,Rajasthan Royals,bat,Kolkata Knight Riders,wickets,8.0,N,BG Jerling,RB Tiffin
2010-04-18,MS Dhoni,Himachal Pradesh Cricket Association Stadium,0,Kings XI Punjab,Chennai Super Kings,Chennai Super Kings,field,Chennai Super Kings,wickets,6.0,N,BF Bowden,AM Saheba
2010-04-18,A Symonds,Feroz Shah Kotla,0,Delhi Daredevils,Deccan Chargers,Deccan Chargers,bat,Deccan Chargers,runs,11.0,N,BR Doctrove,SK Tarapore
2010-04-19,M Kartik,Eden Gardens,0,Kolkata Knight Riders,Mumbai Indians,Mumbai Indians,bat,Kolkata Knight Riders,wickets,9.0,N,BG Jerling,RE Koertzen
2010-04-21,KA Pollard,Dr DY Patil Sports Academy,0,Royal Challengers Bangalore,Mumbai Indians,Mumbai Indians,bat,Mumbai Indians,runs,35.0,N,BR Doctrove,RB Tiffin
2010-04-22,DE Bollinger,Dr DY Patil Sports Academy,0,Chennai Super Kings,Deccan Chargers,Chennai Super Kings,bat,Chennai Super Kings,runs,38.0,N,BR Doctrove,RB Tiffin
2010-04-24,A Kumble,Dr DY Patil Sports Academy,0,Royal Challengers Bangalore,Deccan Chargers,Deccan Chargers,bat,Royal Challengers Bangalore,wickets,9.0,N,RE Koertzen,SJA Taufel
2010-04-25,SK Raina,Dr DY Patil Sports Academy,0,Chennai Super Kings,Mumbai Indians,Chennai Super Kings,bat,Chennai Super Kings,runs,22.0,N,RE Koertzen,SJA Taufel
2011-04-08,S Anirudha,"MA Chidambaram Stadium, Chepauk",0,Chennai Super Kings,Kolkata Knight Riders,Chennai Super Kings,bat,Chennai Super Kings,runs,2.0,N,BR Doctrove,PR Reiffel
2011-04-09,SK Trivedi,"Rajiv Gandhi International Stadium, Uppal",0,Deccan Chargers,Rajasthan Royals,Rajasthan Royals,field,Rajasthan Royals,wickets,8.0,N,RE Koertzen,SK Tarapore
2011-04-09,AB de Villiers,Nehru Stadium,0,Kochi Tuskers Kerala,Royal Challengers Bangalore,Kochi Tuskers Kerala,bat,Royal Challengers Bangalore,wickets,6.0,N,HDPK Dharmasena,K Hariharan
2011-04-10,SL Malinga,Feroz Shah Kotla,0,Delhi Daredevils,Mumbai Indians,Delhi Daredevils,bat,Mumbai Indians,wickets,8.0,N,AM Saheba,RB Tiffin
2011-04-10,SB Wagh,Dr DY Patil Sports Academy,0,Pune Warriors,Kings XI Punjab,Kings XI Punjab,bat,Pune Warriors,wickets,7.0,N,BR Doctrove,PR Reiffel
2011-04-11,JH Kallis,Eden Gardens,0,Kolkata Knight Riders,Deccan Chargers,Kolkata Knight Riders,bat,Kolkata Knight Riders,runs,9.0,N,RE Koertzen,SK Tarapore
2011-04-12,SK Warne,Sawai Mansingh Stadium,0,Rajasthan Royals,Delhi Daredevils,Delhi Daredevils,bat,Rajasthan Royals,wickets,6.0,N,Aleem Dar,RB Tiffin
2011-04-12,SR Tendulkar,M Chinnaswamy Stadium,0,Royal Challengers Bangalore,Mumbai Indians,Mumbai Indians,field,Mumbai Indians,wickets,9.0,N,HDPK Dharmasena,AL Hill
2011-04-13,PC Valthaty,"Punjab Cricket Association Stadium, Mohali",0,Kings XI Punjab,Chennai Super Kings,Kings XI Punjab,field,Kings XI Punjab,wickets,6.0,N,Asad Rauf,SL Shastri
2011-04-13,MD Mishra,Dr DY Patil Sports Academy,0,Pune Warriors,Kochi Tuskers Kerala,Kochi Tuskers Kerala,bat,Pune Warriors,wickets,4.0,N,S Asnani,PR Reiffel
2011-04-14,DW Steyn,"Rajiv Gandhi International Stadium, Uppal",0,Deccan Chargers,Royal Challengers Bangalore,Royal Challengers Bangalore,field,Deccan Chargers,runs,33.0,N,RE Koertzen,S Ravi
2011-04-15,G Gambhir,Sawai Mansingh Stadium,0,Rajasthan Royals,Kolkata Knight Riders,Kolkata Knight Riders,field,Kolkata Knight Riders,wickets,9.0,N,Aleem Dar,SS Hazare
2011-04-15,BB McCullum,Wankhede Stadium,0,Mumbai Indians,Kochi Tuskers Kerala,Kochi Tuskers Kerala,field,Kochi Tuskers Kerala,wickets,8.0,N,BR Doctrove,PR Reiffel
2011-04-16,MEK Hussey,"MA Chidambaram Stadium, Chepauk",0,Chennai Super Kings,Royal Challengers Bangalore,Chennai Super Kings,bat,Chennai Super Kings,runs,21.0,N,HDPK Dharmasena,AL Hill
2011-04-16,PC Valthaty,"Rajiv Gandhi International Stadium, Uppal",0,Deccan Chargers,Kings XI Punjab,Kings XI Punjab,field,Kings XI Punjab,wickets,8.0,N,RE Koertzen,S Ravi
2011-04-17,Yuvraj Singh,Dr DY Patil Sports Academy,0,Pune Warriors,Delhi Daredevils,Delhi Daredevils,field,Delhi Daredevils,wickets,3.0,N,Asad Rauf,AM Saheba
2011-04-17,L Balaji,Eden Gardens,0,Kolkata Knight Riders,Rajasthan Royals,Kolkata Knight Riders,field,Kolkata Knight Riders,wickets,8.0,N,Aleem Dar,RB Tiffin
2011-04-18,BB McCullum,Nehru Stadium,0,Kochi Tuskers Kerala,Chennai Super Kings,Kochi Tuskers Kerala,field,Kochi Tuskers Kerala,wickets,7.0,N,K Hariharan,AL Hill
2011-04-19,S Sohal,Feroz Shah Kotla,0,Delhi Daredevils,Deccan Chargers,Deccan Chargers,bat,Deccan Chargers,runs,16.0,N,PR Reiffel,RJ Tucker
2011-04-20,MM Patel,Wankhede Stadium,0,Mumbai Indians,Pune Warriors,Pune Warriors,bat,Mumbai Indians,wickets,7.0,N,Asad Rauf,AM Saheba
2011-04-20,DPMD Jayawardene,Eden Gardens,0,Kolkata Knight Riders,Kochi Tuskers Kerala,Kolkata Knight Riders,field,Kochi Tuskers Kerala,runs,6.0,N,Aleem Dar,RB Tiffin
2011-04-21,SE Marsh,"Punjab Cricket Association Stadium, Mohali",0,Kings XI Punjab,Rajasthan Royals,Rajasthan Royals,field,Kings XI Punjab,runs,48.0,N,S Asnani,PR Reiffel
2011-04-22,Harbhajan Singh,Wankhede Stadium,0,Mumbai Indians,Chennai Super Kings,Chennai Super Kings,field,Mumbai Indians,runs,8.0,N,Asad Rauf,AM Saheba
2011-04-22,CH Gayle,Eden Gardens,0,Kolkata Knight Riders,Royal Challengers Bangalore,Royal Challengers Bangalore,field,Royal Challengers Bangalore,wickets,9.0,N,SS Hazare,RB Tiffin
2011-04-23,DA Warner,Feroz Shah Kotla,0,Delhi Daredevils,Kings XI Punjab,Kings XI Punjab,field,Delhi Daredevils,runs,29.0,N,S Asnani,RE Koertzen
2011-04-24,SL Malinga,"Rajiv Gandhi International Stadium, Uppal",0,Deccan Chargers,Mumbai Indians,Deccan Chargers,field,Mumbai Indians,runs,37.0,N,HDPK Dharmasena,AL Hill
2011-04-24,SK Warne,Sawai Mansingh Stadium,0,Rajasthan Royals,Kochi Tuskers Kerala,Rajasthan Royals,field,Rajasthan Royals,wickets,8.0,N,BR Doctrove,SK Tarapore
2011-04-25,MEK Hussey,"MA Chidambaram Stadium, Chepauk",0,Chennai Super Kings,Pune Warriors,Pune Warriors,field,Chennai Super Kings,runs,25.0,N,Aleem Dar,RB Tiffin
2011-04-26,V Kohli,Feroz Shah Kotla,0,Delhi Daredevils,Royal Challengers Bangalore,Royal Challengers Bangalore,field,Royal Challengers Bangalore,wickets,3.0,N,S Asnani,RJ Tucker
2011-04-27,DE Bollinger,Dr DY Patil Sports Academy,0,Pune Warriors,Chennai Super Kings,Pune Warriors,bat,Chennai Super Kings,wickets,8.0,N,Asad Rauf,SL Shastri
2011-04-27,I Sharma,Nehru Stadium,0,Kochi Tuskers Kerala,Deccan Chargers,Kochi Tuskers Kerala,field,Deccan Chargers,runs,55.0,N,HDPK Dharmasena,AL Hill
2011-04-28,MK Tiwary,Feroz Shah Kotla,0,Delhi Daredevils,Kolkata Knight Riders,Delhi Daredevils,field,Kolkata Knight Riders,runs,17.0,N,PR Reiffel,RJ Tucker
2011-04-29,J Botha,Sawai Mansingh Stadium,0,Rajasthan Royals,Mumbai Indians,Rajasthan Royals,field,Rajasthan Royals,wickets,7.0,N,Asad Rauf,SK Tarapore
2011-04-29,V Kohli,M Chinnaswamy Stadium,0,Royal Challengers Bangalore,Pune Warriors,Pune Warriors,field,Royal Challengers Bangalore,runs,26.0,N,Aleem Dar,SS Hazare
2011-04-30,V Sehwag,Nehru Stadium,0,Kochi Tuskers Kerala,Delhi Daredevils,Delhi Daredevils,bat,Delhi Daredevils,runs,38.0,N,HDPK Dharmasena,AL Hill
2011-04-30,Iqbal Abdulla,Eden Gardens,0,Kolkata Knight Riders,Kings XI Punjab,Kolkata Knight Riders,field,Kolkata Knight Riders,wickets,8.0,N,AM Saheba,SL Shastri
2011-05-01,LRPL Taylor,Sawai Mansingh Stadium,0,Rajasthan Royals,Pune Warriors,Rajasthan Royals,field,Rajasthan Royals,wickets,6.0,N,SK Tarapore,SJA Taufel
2011-05-01,JA Morkel,"MA Chidambaram Stadium, Chepauk",0,Chennai Super Kings,Deccan Chargers,Chennai Super Kings,bat,Chennai Super Kings,runs,19.0,N,Aleem Dar,RB Tiffin
2011-05-02,KA Pollard,Wankhede Stadium,0,Mumbai Indians,Kings XI Punjab,Kings XI Punjab,field,Mumbai Indians,runs,23.0,N,HDPK Dharmasena,PR Reiffel
2011-05-02,P Parameswaran,Feroz Shah Kotla,0,Delhi Daredevils,Kochi Tuskers Kerala,Kochi Tuskers Kerala,field,Kochi Tuskers Kerala,wickets,7.0,N,Asad Rauf,SL Shastri
2011-05-03,YK Pathan,"Rajiv Gandhi International Stadium, Uppal",0,Deccan Chargers,Kolkata Knight Riders,Deccan Chargers,field,Kolkata Knight Riders,runs,20.0,N,S Asnani,RJ Tucker
2011-05-04,MEK Hussey,"MA Chidambaram Stadium, Chepauk",0,Chennai Super Kings,Rajasthan Royals,Rajasthan Royals,bat,Chennai Super Kings,wickets,8.0,N,SS Hazare,RB Tiffin
2011-05-04,R Sharma,Dr DY Patil Sports Academy,0,Pune Warriors,Mumbai Indians,Pune Warriors,field,Mumbai Indians,runs,21.0,N,HDPK Dharmasena,SJA Taufel
2011-05-05,BJ Hodge,Nehru Stadium,0,Kochi Tuskers Kerala,Kolkata Knight Riders,Kolkata Knight Riders,field,Kochi Tuskers Kerala,runs,17.0,N,S Ravi,RJ Tucker
2011-05-05,V Sehwag,"Rajiv Gandhi International Stadium, Uppal",0,Deccan Chargers,Delhi Daredevils,Delhi Daredevils,field,Delhi Daredevils,wickets,4.0,N,Asad Rauf,AM Saheba
2011-05-06,CH Gayle,M Chinnaswamy Stadium,0,Royal Challengers Bangalore,Kings XI Punjab,Kings XI Punjab,field,Royal Challengers Bangalore,runs,85.0,N,Aleem Dar,RB Tiffin
2011-05-07,Iqbal Abdulla,Eden Gardens,0,Kolkata Knight Riders,Chennai Super Kings,Chennai Super Kings,bat,Kolkata Knight Riders,runs,10.0,N,Asad Rauf,PR Reiffel
2011-05-07,AT Rayudu,Wankhede Stadium,0,Mumbai Indians,Delhi Daredevils,Delhi Daredevils,field,Mumbai Indians,runs,32.0,N,K Hariharan,SJA Taufel
2011-05-08,CH Gayle,M Chinnaswamy Stadium,0,Royal Challengers Bangalore,Kochi Tuskers Kerala,Kochi Tuskers Kerala,bat,Royal Challengers Bangalore,wickets,9.0,N,Aleem Dar,SS Hazare
2011-05-08,R Sharma,"Punjab Cricket Association Stadium, Mohali",0,Kings XI Punjab,Pune Warriors,Kings XI Punjab,bat,Pune Warriors,wickets,5.0,N,SK Tarapore,RJ Tucker
2011-05-09,M Vijay,Sawai Mansingh Stadium,0,Rajasthan Royals,Chennai Super Kings,Rajasthan Royals,field,Chennai Super Kings,runs,63.0,N,K Hariharan,SJA Taufel
2011-05-10,MR Marsh,"Rajiv Gandhi International Stadium, Uppal",0,Deccan Chargers,Pune Warriors,Deccan Chargers,bat,Pune Warriors,wickets,6.0,N,Asad Rauf,AM Saheba
2011-05-10,BA Bhatt,"Punjab Cricket Association Stadium, Mohali",0,Kings XI Punjab,Mumbai Indians,Mumbai Indians,field,Kings XI Punjab,runs,76.0,N,SK Tarapore,RJ Tucker
2011-05-11,S Aravind,Sawai Mansingh Stadium,0,Rajasthan Royals,Royal Challengers Bangalore,Royal Challengers Bangalore,field,Royal Challengers Bangalore,wickets,9.0,N,HDPK Dharmasena,K Hariharan
2011-05-12,MS Dhoni,"MA Chidambaram Stadium, Chepauk",0,Chennai Super Kings,Delhi Daredevils,Chennai Super Kings,bat,Chennai Super Kings,runs,18.0,N,AM Saheba,SL Shastri
2011-05-13,KD Karthik,Holkar Cricket Stadium,0,Kochi Tuskers Kerala,Kings XI Punjab,Kings XI Punjab,field,Kings XI Punjab,wickets,6.0,N,S Asnani,RJ Tucker
2011-05-14,CH Gayle,M Chinnaswamy Stadium,0,Royal Challengers Bangalore,Kolkata Knight Riders,Royal Challengers Bangalore,field,Royal Challengers Bangalore,wickets,4.0,N,RE Koertzen,RB Tiffin
2011-05-14,A Mishra,Wankhede Stadium,0,Mumbai Indians,Deccan Chargers,Deccan Chargers,bat,Deccan Chargers,runs,10.0,N,S Ravi,SK Tarapore
2011-05-15,PP Chawla,Himachal Pradesh Cricket Association Stadium,0,Kings XI Punjab,Delhi Daredevils,Delhi Daredevils,field,Kings XI Punjab,runs,29.0,N,Asad Rauf,SL Shastri
2011-05-15,BJ Hodge,Holkar Cricket Stadium,0,Kochi Tuskers Kerala,Rajasthan Royals,Kochi Tuskers Kerala,field,Kochi Tuskers Kerala,wickets,8.0,N,PR Reiffel,RJ Tucker
2011-05-16,A Mishra,Dr DY Patil Sports Academy,0,Pune Warriors,Deccan Chargers,Deccan Chargers,field,Deccan Chargers,wickets,6.0,N,S Ravi,SK Tarapore
2011-05-17,AC Gilchrist,Himachal Pradesh Cricket Association Stadium,0,Kings XI Punjab,Royal Challengers Bangalore,Kings XI Punjab,bat,Kings XI Punjab,runs,111.0,N,Asad Rauf,AM Saheba
2011-05-18,WP Saha,"MA Chidambaram Stadium, Chepauk",0,Chennai Super Kings,Kochi Tuskers Kerala,Chennai Super Kings,bat,Chennai Super Kings,runs,11.0,N,HDPK Dharmasena,RE Koertzen
2011-05-19,YK Pathan,Dr DY Patil Sports Academy,0,Pune Warriors,Kolkata Knight Riders,Kolkata Knight Riders,field,Kolkata Knight Riders,wickets,7.0,N,S Ravi,SJA Taufel
2011-05-20,SR Watson,Wankhede Stadium,0,Mumbai Indians,Rajasthan Royals,Mumbai Indians,bat,Rajasthan Royals,wickets,10.0,N,RE Koertzen,PR Reiffel
2011-05-21,S Dhawan,Himachal Pradesh Cricket Association Stadium,0,Kings XI Punjab,Deccan Chargers,Kings XI Punjab,field,Deccan Chargers,runs,82.0,N,Asad Rauf,AM Saheba
2011-05-21,,Feroz Shah Kotla,0,Delhi Daredevils,Pune Warriors,Delhi Daredevils,bat,,,,,SS Hazare,RJ Tucker
2011-05-22,CH Gayle,M Chinnaswamy Stadium,0,Royal Challengers Bangalore,Chennai Super Kings,Royal Challengers Bangalore,field,Royal Challengers Bangalore,wickets,8.0,N,K Hariharan,RE Koertzen
2011-05-22,JEC Franklin,Eden Gardens,0,Kolkata Knight Riders,Mumbai Indians,Mumbai Indians,field,Mumbai Indians,wickets,5.0,N,SK Tarapore,SJA Taufel
2011-05-24,SK Raina,Wankhede Stadium,0,Royal Challengers Bangalore,Chennai Super Kings,Chennai Super Kings,field,Chennai Super Kings,wickets,6.0,N,Asad Rauf,SJA Taufel
2011-05-25,MM Patel,Wankhede Stadium,0,Mumbai Indians,Kolkata Knight Riders,Mumbai Indians,field,Mumbai Indians,wickets,4.0,N,Asad Rauf,SJA Taufel
2011-05-27,CH Gayle,"MA Chidambaram Stadium, Chepauk",0,Royal Challengers Bangalore,Mumbai Indians,Mumbai Indians,field,Royal Challengers Bangalore,runs,43.0,N,Asad Rauf,SJA Taufel
2011-05-28,M Vijay,"MA Chidambaram Stadium, Chepauk",0,Chennai Super Kings,Royal Challengers Bangalore,Chennai Super Kings,bat,Chennai Super Kings,runs,58.0,N,Asad Rauf,SJA Taufel
2012-04-04,RE Levi,"MA Chidambaram Stadium, Chepauk",0,Chennai Super Kings,Mumbai Indians,Mumbai Indians,field,Mumbai Indians,wickets,8.0,N,JD Cloete,SJA Taufel
2012-04-05,IK Pathan,Eden Gardens,0,Kolkata Knight Riders,Delhi Daredevils,Delhi Daredevils,field,Delhi Daredevils,wickets,8.0,N,S Asnani,HDPK Dharmasena
2012-04-06,SPD Smith,Wankhede Stadium,0,Mumbai Indians,Pune Warriors,Mumbai Indians,field,Pune Warriors,runs,28.0,N,AK Chaudhary,SJA Taufel
2012-04-06,AM Rahane,Sawai Mansingh Stadium,0,Rajasthan Royals,Kings XI Punjab,Kings XI Punjab,field,Rajasthan Royals,runs,31.0,N,BF Bowden,SK Tarapore
2012-04-07,AB de Villiers,M Chinnaswamy Stadium,0,Royal Challengers Bangalore,Delhi Daredevils,Delhi Daredevils,field,Royal Challengers Bangalore,runs,20.0,N,S Asnani,S Ravi
2012-04-07,RA Jadeja,Dr. Y.S. Rajasekhara Reddy ACA-VDCA Cricket Stadium,0,Deccan Chargers,Chennai Super Kings,Deccan Chargers,field,Chennai Super Kings,runs,74.0,N,JD Cloete,HDPK Dharmasena
2012-04-08,BJ Hodge,Sawai Mansingh Stadium,0,Rajasthan Royals,Kolkata Knight Riders,Kolkata Knight Riders,field,Rajasthan Royals,runs,22.0,N,BF Bowden,VA Kulkarni
2012-04-08,MN Samuels,Subrata Roy Sahara Stadium,0,Pune Warriors,Kings XI Punjab,Pune Warriors,bat,Pune Warriors,runs,22.0,N,S Das,SJA Taufel
2012-04-09,RG Sharma,Dr. Y.S. Rajasekhara Reddy ACA-VDCA Cricket Stadium,0,Deccan Chargers,Mumbai Indians,Deccan Chargers,bat,Mumbai Indians,wickets,5.0,N,AK Chaudhary,JD Cloete
2012-04-10,L Balaji,M Chinnaswamy Stadium,0,Royal Challengers Bangalore,Kolkata Knight Riders,Royal Challengers Bangalore,field,Kolkata Knight Riders,runs,42.0,N,S Ravi,RJ Tucker
2012-04-10,M Morkel,Feroz Shah Kotla,0,Delhi Daredevils,Chennai Super Kings,Delhi Daredevils,field,Delhi Daredevils,wickets,8.0,N,Asad Rauf,SK Tarapore
2012-04-11,KA Pollard,Wankhede Stadium,0,Mumbai Indians,Rajasthan Royals,Rajasthan Royals,field,Mumbai Indians,runs,27.0,N,Aleem Dar,BNJ Oxenford
2012-04-12,F du Plessis,"MA Chidambaram Stadium, Chepauk",0,Chennai Super Kings,Royal Challengers Bangalore,Royal Challengers Bangalore,bat,Chennai Super Kings,wickets,5.0,N,HDPK Dharmasena,RJ Tucker
2012-04-12,AD Mascarenhas,"Punjab Cricket Association Stadium, Mohali",0,Kings XI Punjab,Pune Warriors,Kings XI Punjab,field,Kings XI Punjab,wickets,7.0,N,VA Kulkarni,SK Tarapore
2012-04-13,Shakib Al Hasan,Eden Gardens,0,Kolkata Knight Riders,Rajasthan Royals,Rajasthan Royals,bat,Kolkata Knight Riders,wickets,5.0,N,Asad Rauf,S Asnani
2012-04-19,KP Pietersen,Feroz Shah Kotla,0,Delhi Daredevils,Deccan Chargers,Deccan Chargers,bat,Delhi Daredevils,wickets,5.0,N,BF Bowden,SK Tarapore
2012-04-14,JD Ryder,Subrata Roy Sahara Stadium,0,Pune Warriors,Chennai Super Kings,Chennai Super Kings,bat,Pune Warriors,wickets,7.0,N,Aleem Dar,BNJ Oxenford
2012-04-15,SP Narine,Eden Gardens,0,Kolkata Knight Riders,Kings XI Punjab,Kolkata Knight Riders,field,Kings XI Punjab,runs,2.0,N,Asad Rauf,S Asnani
2012-04-15,AM Rahane,M Chinnaswamy Stadium,0,Royal Challengers Bangalore,Rajasthan Royals,Rajasthan Royals,bat,Rajasthan Royals,runs,59.0,N,JD Cloete,RJ Tucker
2012-04-16,S Nadeem,Wankhede Stadium,0,Mumbai Indians,Delhi Daredevils,Delhi Daredevils,field,Delhi Daredevils,wickets,7.0,N,BF Bowden,SK Tarapore
2012-04-17,BJ Hodge,Sawai Mansingh Stadium,0,Rajasthan Royals,Deccan Chargers,Deccan Chargers,bat,Rajasthan Royals,wickets,5.0,N,Aleem Dar,BNJ Oxenford
2012-04-17,CH Gayle,M Chinnaswamy Stadium,0,Royal Challengers Bangalore,Pune Warriors,Pune Warriors,bat,Royal Challengers Bangalore,wickets,6.0,N,S Asnani,S Das
2012-04-18,G Gambhir,"Punjab Cricket Association Stadium, Mohali",0,Kings XI Punjab,Kolkata Knight Riders,Kings XI Punjab,bat,Kolkata Knight Riders,wickets,8.0,N,JD Cloete,RJ Tucker
2012-05-10,DA Warner,"Rajiv Gandhi International Stadium, Uppal",0,Deccan Chargers,Delhi Daredevils,Deccan Chargers,bat,Delhi Daredevils,wickets,9.0,N,JD Cloete,SJA Taufel
2012-04-19,KMDN Kulasekara,"MA Chidambaram Stadium, Chepauk",0,Chennai Super Kings,Pune Warriors,Pune Warriors,field,Chennai Super Kings,runs,13.0,N,Asad Rauf,S Das
2012-04-20,CH Gayle,"Punjab Cricket Association Stadium, Mohali",0,Kings XI Punjab,Royal Challengers Bangalore,Royal Challengers Bangalore,field,Royal Challengers Bangalore,wickets,5.0,N,S Ravi,RJ Tucker
2012-04-21,F du Plessis,"MA Chidambaram Stadium, Chepauk",0,Chennai Super Kings,Rajasthan Royals,Rajasthan Royals,bat,Chennai Super Kings,wickets,7.0,N,Aleem Dar,BNJ Oxenford
2012-04-21,SC Ganguly,Feroz Shah Kotla,0,Delhi Daredevils,Pune Warriors,Delhi Daredevils,field,Pune Warriors,runs,20.0,N,Asad Rauf,S Das
2012-04-22,SE Marsh,Wankhede Stadium,0,Mumbai Indians,Kings XI Punjab,Mumbai Indians,bat,Kings XI Punjab,wickets,6.0,N,S Ravi,RJ Tucker
2012-04-22,B Lee,Barabati Stadium,0,Deccan Chargers,Kolkata Knight Riders,Kolkata Knight Riders,field,Kolkata Knight Riders,wickets,5.0,N,BF Bowden,SK Tarapore
2012-04-23,AB de Villiers,Sawai Mansingh Stadium,0,Rajasthan Royals,Royal Challengers Bangalore,Rajasthan Royals,field,Royal Challengers Bangalore,runs,46.0,N,Asad Rauf,S Asnani
2012-04-24,V Sehwag,Subrata Roy Sahara Stadium,0,Pune Warriors,Delhi Daredevils,Pune Warriors,bat,Delhi Daredevils,wickets,8.0,N,S Ravi,RJ Tucker
2012-04-25,AT Rayudu,"Punjab Cricket Association Stadium, Mohali",0,Kings XI Punjab,Mumbai Indians,Kings XI Punjab,bat,Mumbai Indians,wickets,4.0,N,Aleem Dar,BNJ Oxenford
2012-04-26,CL White,Subrata Roy Sahara Stadium,0,Pune Warriors,Deccan Chargers,Deccan Chargers,bat,Deccan Chargers,runs,18.0,N,S Ravi,RJ Tucker
2012-04-27,V Sehwag,Feroz Shah Kotla,0,Delhi Daredevils,Mumbai Indians,Mumbai Indians,field,Delhi Daredevils,runs,37.0,N,Aleem Dar,BNJ Oxenford
2012-04-28,Mandeep Singh,"MA Chidambaram Stadium, Chepauk",0,Chennai Super Kings,Kings XI Punjab,Kings XI Punjab,bat,Kings XI Punjab,runs,7.0,N,BF Bowden,SK Tarapore
2012-04-28,G Gambhir,Eden Gardens,0,Kolkata Knight Riders,Royal Challengers Bangalore,Kolkata Knight Riders,bat,Kolkata Knight Riders,runs,47.0,N,Asad Rauf,BR Doctrove
2012-04-29,V Sehwag,Feroz Shah Kotla,0,Delhi Daredevils,Rajasthan Royals,Delhi Daredevils,bat,Delhi Daredevils,runs,1.0,N,S Ravi,RJ Tucker
2012-04-29,DW Steyn,Wankhede Stadium,0,Mumbai Indians,Deccan Chargers,Mumbai Indians,field,Mumbai Indians,wickets,5.0,N,AK Chaudhary,BNJ Oxenford
2012-04-30,G Gambhir,"MA Chidambaram Stadium, Chepauk",0,Chennai Super Kings,Kolkata Knight Riders,Chennai Super Kings,bat,Kolkata Knight Riders,wickets,5.0,N,BF Bowden,C Shamshuddin
2012-05-01,KC Sangakkara,Barabati Stadium,0,Deccan Chargers,Pune Warriors,Deccan Chargers,bat,Deccan Chargers,runs,13.0,N,Aleem Dar,AK Chaudhary
2012-05-01,P Negi,Sawai Mansingh Stadium,0,Rajasthan Royals,Delhi Daredevils,Rajasthan Royals,bat,Delhi Daredevils,wickets,6.0,N,JD Cloete,SJA Taufel
2012-05-02,Azhar Mahmood,M Chinnaswamy Stadium,0,Royal Challengers Bangalore,Kings XI Punjab,Kings XI Punjab,field,Kings XI Punjab,wickets,4.0,N,BF Bowden,C Shamshuddin
2012-05-03,SL Malinga,Subrata Roy Sahara Stadium,0,Pune Warriors,Mumbai Indians,Mumbai Indians,bat,Mumbai Indians,runs,1.0,N,Asad Rauf,S Asnani
2012-05-04,SK Raina,"MA Chidambaram Stadium, Chepauk",0,Chennai Super Kings,Deccan Chargers,Chennai Super Kings,bat,Chennai Super Kings,runs,10.0,N,HDPK Dharmasena,BNJ Oxenford
2012-05-05,SP Narine,Eden Gardens,0,Kolkata Knight Riders,Pune Warriors,Kolkata Knight Riders,bat,Kolkata Knight Riders,runs,7.0,N,BF Bowden,SK Tarapore
2012-05-05,SR Watson,"Punjab Cricket Association Stadium, Mohali",0,Kings XI Punjab,Rajasthan Royals,Rajasthan Royals,bat,Rajasthan Royals,runs,43.0,N,JD Cloete,SJA Taufel
2012-05-06,DR Smith,Wankhede Stadium,0,Mumbai Indians,Chennai Super Kings,Mumbai Indians,field,Mumbai Indians,wickets,2.0,N,Asad Rauf,S Asnani
2012-05-06,AB de Villiers,M Chinnaswamy Stadium,0,Royal Challengers Bangalore,Deccan Chargers,Royal Challengers Bangalore,field,Royal Challengers Bangalore,wickets,5.0,N,HDPK Dharmasena,BNJ Oxenford
2012-05-07,JH Kallis,Feroz Shah Kotla,0,Delhi Daredevils,Kolkata Knight Riders,Delhi Daredevils,bat,Kolkata Knight Riders,wickets,6.0,N,JD Cloete,S Ravi
2012-05-08,SR Watson,Subrata Roy Sahara Stadium,0,Pune Warriors,Rajasthan Royals,Pune Warriors,bat,Rajasthan Royals,wickets,7.0,N,Asad Rauf,BR Doctrove
2012-05-08,Mandeep Singh,"Rajiv Gandhi International Stadium, Uppal",0,Deccan Chargers,Kings XI Punjab,Deccan Chargers,field,Kings XI Punjab,runs,25.0,N,HDPK Dharmasena,BNJ Oxenford
2012-05-09,CH Gayle,Wankhede Stadium,0,Mumbai Indians,Royal Challengers Bangalore,Royal Challengers Bangalore,field,Royal Challengers Bangalore,wickets,9.0,N,BF Bowden,VA Kulkarni
2012-05-10,BW Hilfenhaus,Sawai Mansingh Stadium,0,Rajasthan Royals,Chennai Super Kings,Chennai Super Kings,field,Chennai Super Kings,wickets,4.0,N,BNJ Oxenford,C Shamshuddin
2012-05-11,CH Gayle,Subrata Roy Sahara Stadium,0,Pune Warriors,Royal Challengers Bangalore,Pune Warriors,field,Royal Challengers Bangalore,runs,35.0,N,BF Bowden,SK Tarapore
2012-05-12,RG Sharma,Eden Gardens,0,Kolkata Knight Riders,Mumbai Indians,Mumbai Indians,bat,Mumbai Indians,runs,27.0,N,S Ravi,SJA Taufel
2012-05-12,BW Hilfenhaus,"MA Chidambaram Stadium, Chepauk",0,Chennai Super Kings,Delhi Daredevils,Chennai Super Kings,field,Chennai Super Kings,wickets,9.0,N,S Das,BR Doctrove
2012-05-13,A Chandila,Sawai Mansingh Stadium,0,Rajasthan Royals,Pune Warriors,Rajasthan Royals,bat,Rajasthan Royals,runs,45.0,N,BF Bowden,SK Tarapore
2012-05-13,DJ Hussey,"Punjab Cricket Association Stadium, Mohali",0,Kings XI Punjab,Deccan Chargers,Deccan Chargers,bat,Kings XI Punjab,wickets,4.0,N,HDPK Dharmasena,BNJ Oxenford
2012-05-14,AT Rayudu,M Chinnaswamy Stadium,0,Royal Challengers Bangalore,Mumbai Indians,Mumbai Indians,field,Mumbai Indians,wickets,5.0,N,S Das,BR Doctrove
2012-05-14,MEK Hussey,Eden Gardens,0,Kolkata Knight Riders,Chennai Super Kings,Chennai Super Kings,field,Chennai Super Kings,wickets,5.0,N,JD Cloete,SJA Taufel
2012-05-15,UT Yadav,Feroz Shah Kotla,0,Delhi Daredevils,Kings XI Punjab,Kings XI Punjab,bat,Delhi Daredevils,wickets,5.0,N,HDPK Dharmasena,BNJ Oxenford
2012-05-16,SP Narine,Wankhede Stadium,0,Mumbai Indians,Kolkata Knight Riders,Mumbai Indians,field,Kolkata Knight Riders,runs,32.0,N,S Das,BR Doctrove
2012-05-17,AC Gilchrist,Himachal Pradesh Cricket Association Stadium,0,Kings XI Punjab,Chennai Super Kings,Kings XI Punjab,field,Kings XI Punjab,wickets,6.0,N,VA Kulkarni,SK Tarapore
2012-05-17,CH Gayle,Feroz Shah Kotla,0,Delhi Daredevils,Royal Challengers Bangalore,Delhi Daredevils,field,Royal Challengers Bangalore,runs,21.0,N,HDPK Dharmasena,C Shamshuddin
2012-05-18,DW Steyn,"Rajiv Gandhi International Stadium, Uppal",0,Deccan Chargers,Rajasthan Royals,Rajasthan Royals,bat,Deccan Chargers,wickets,5.0,N,S Ravi,SJA Taufel
2012-05-19,UT Yadav,Himachal Pradesh Cricket Association Stadium,0,Kings XI Punjab,Delhi Daredevils,Delhi Daredevils,field,Delhi Daredevils,wickets,6.0,N,BF Bowden,VA Kulkarni
2012-05-19,Shakib Al Hasan,Subrata Roy Sahara Stadium,0,Pune Warriors,Kolkata Knight Riders,Kolkata Knight Riders,bat,Kolkata Knight Riders,runs,34.0,N,S Asnani,BR Doctrove
2012-05-20,DW Steyn,"Rajiv Gandhi International Stadium, Uppal",0,Deccan Chargers,Royal Challengers Bangalore,Royal Challengers Bangalore,field,Deccan Chargers,runs,9.0,N,S Ravi,SJA Taufel
2012-05-20,DR Smith,Sawai Mansingh Stadium,0,Rajasthan Royals,Mumbai Indians,Rajasthan Royals,bat,Mumbai Indians,wickets,10.0,N,HDPK Dharmasena,C Shamshuddin
2012-05-22,YK Pathan,Subrata Roy Sahara Stadium,0,Delhi Daredevils,Kolkata Knight Riders,Kolkata Knight Riders,bat,Kolkata Knight Riders,runs,18.0,N,BR Doctrove,SJA Taufel
2012-05-23,MS Dhoni,M Chinnaswamy Stadium,0,Chennai Super Kings,Mumbai Indians,Mumbai Indians,field,Chennai Super Kings,runs,38.0,N,BF Bowden,HDPK Dharmasena
2012-05-25,M Vijay,"MA Chidambaram Stadium, Chepauk",0,Delhi Daredevils,Chennai Super Kings,Delhi Daredevils,field,Chennai Super Kings,runs,86.0,N,BR Doctrove,SJA Taufel
2012-05-27,MS Bisla,"MA Chidambaram Stadium, Chepauk",0,Kolkata Knight Riders,Chennai Super Kings,Chennai Super Kings,bat,Kolkata Knight Riders,wickets,5.0,N,BF Bowden,SJA Taufel
2013-04-03,SP Narine,Eden Gardens,0,Kolkata Knight Riders,Delhi Daredevils,Kolkata Knight Riders,field,Kolkata Knight Riders,wickets,6.0,N,S Ravi,SJA Taufel
2013-04-04,CH Gayle,M Chinnaswamy Stadium,0,Royal Challengers Bangalore,Mumbai Indians,Mumbai Indians,field,Royal Challengers Bangalore,runs,2.0,N,VA Kulkarni,C Shamshuddin
2013-04-05,A Mishra,"Rajiv Gandhi International Stadium, Uppal",0,Sunrisers Hyderabad,Pune Warriors,Pune Warriors,field,Sunrisers Hyderabad,runs,22.0,N,S Ravi,SJA Taufel
2013-04-06,R Dravid,Feroz Shah Kotla,0,Delhi Daredevils,Rajasthan Royals,Rajasthan Royals,bat,Rajasthan Royals,runs,5.0,N,S Das,C Shamshuddin
2013-04-06,KA Pollard,"MA Chidambaram Stadium, Chepauk",0,Chennai Super Kings,Mumbai Indians,Mumbai Indians,bat,Mumbai Indians,runs,9.0,N,M Erasmus,VA Kulkarni
2013-04-07,M Vohra,Subrata Roy Sahara Stadium,0,Pune Warriors,Kings XI Punjab,Pune Warriors,bat,Kings XI Punjab,wickets,8.0,N,S Asnani,SJA Taufel
2013-04-07,GH Vihari,"Rajiv Gandhi International Stadium, Uppal",0,Sunrisers Hyderabad,Royal Challengers Bangalore,Royal Challengers Bangalore,bat,Sunrisers Hyderabad,tie,,Y,AK Chaudhary,S Ravi
2013-04-08,SK Trivedi,Sawai Mansingh Stadium,0,Rajasthan Royals,Kolkata Knight Riders,Kolkata Knight Riders,field,Rajasthan Royals,runs,19.0,N,Aleem Dar,S Das
2013-04-09,KD Karthik,Wankhede Stadium,0,Mumbai Indians,Delhi Daredevils,Mumbai Indians,bat,Mumbai Indians,runs,44.0,N,M Erasmus,VA Kulkarni
2013-04-10,MEK Hussey,"Punjab Cricket Association Stadium, Mohali",0,Kings XI Punjab,Chennai Super Kings,Chennai Super Kings,field,Chennai Super Kings,wickets,10.0,N,Aleem Dar,C Shamshuddin
2013-04-11,CH Gayle,M Chinnaswamy Stadium,0,Royal Challengers Bangalore,Kolkata Knight Riders,Royal Challengers Bangalore,field,Royal Challengers Bangalore,wickets,8.0,N,Asad Rauf,AK Chaudhary
2013-04-11,AJ Finch,Subrata Roy Sahara Stadium,0,Pune Warriors,Rajasthan Royals,Rajasthan Royals,bat,Pune Warriors,wickets,7.0,N,M Erasmus,K Srinath
2013-04-12,A Mishra,Feroz Shah Kotla,0,Delhi Daredevils,Sunrisers Hyderabad,Delhi Daredevils,bat,Sunrisers Hyderabad,wickets,3.0,N,Aleem Dar,Subroto Das
2013-04-13,RG Sharma,Wankhede Stadium,0,Mumbai Indians,Pune Warriors,Mumbai Indians,bat,Mumbai Indians,runs,41.0,N,S Ravi,SJA Taufel
2013-04-13,RA Jadeja,"MA Chidambaram Stadium, Chepauk",0,Chennai Super Kings,Royal Challengers Bangalore,Chennai Super Kings,field,Chennai Super Kings,wickets,4.0,N,Asad Rauf,AK Chaudhary
2013-04-14,G Gambhir,Eden Gardens,0,Kolkata Knight Riders,Sunrisers Hyderabad,Kolkata Knight Riders,bat,Kolkata Knight Riders,runs,48.0,N,M Erasmus,VA Kulkarni
2013-04-14,JP Faulkner,Sawai Mansingh Stadium,0,Rajasthan Royals,Kings XI Punjab,Rajasthan Royals,field,Rajasthan Royals,wickets,6.0,N,Aleem Dar,C Shamshuddin
2013-04-15,SPD Smith,"MA Chidambaram Stadium, Chepauk",0,Chennai Super Kings,Pune Warriors,Pune Warriors,bat,Pune Warriors,runs,24.0,N,Asad Rauf,AK Chaudhary
2013-04-16,MS Gony,"Punjab Cricket Association Stadium, Mohali",0,Kings XI Punjab,Kolkata Knight Riders,Kolkata Knight Riders,field,Kings XI Punjab,runs,4.0,N,CK Nandan,SJA Taufel
2013-04-16,V Kohli,M Chinnaswamy Stadium,0,Royal Challengers Bangalore,Delhi Daredevils,Royal Challengers Bangalore,field,Royal Challengers Bangalore,tie,,Y,M Erasmus,VA Kulkarni
2013-04-17,A Mishra,Subrata Roy Sahara Stadium,0,Pune Warriors,Sunrisers Hyderabad,Pune Warriors,field,Sunrisers Hyderabad,runs,11.0,N,Asad Rauf,AK Chaudhary
2013-04-17,AM Rahane,Sawai Mansingh Stadium,0,Rajasthan Royals,Mumbai Indians,Rajasthan Royals,bat,Rajasthan Royals,runs,87.0,N,Aleem Dar,C Shamshuddin
2013-04-18,MEK Hussey,Feroz Shah Kotla,0,Delhi Daredevils,Chennai Super Kings,Chennai Super Kings,bat,Chennai Super Kings,runs,86.0,N,M Erasmus,VA Kulkarni
2013-04-19,GH Vihari,"Rajiv Gandhi International Stadium, Uppal",0,Sunrisers Hyderabad,Kings XI Punjab,Kings XI Punjab,bat,Sunrisers Hyderabad,wickets,5.0,N,HDPK Dharmasena,CK Nandan
2013-04-20,RA Jadeja,Eden Gardens,0,Kolkata Knight Riders,Chennai Super Kings,Kolkata Knight Riders,bat,Chennai Super Kings,wickets,4.0,N,Asad Rauf,AK Chaudhary
2013-04-20,R Vinay Kumar,M Chinnaswamy Stadium,0,Royal Challengers Bangalore,Rajasthan Royals,Royal Challengers Bangalore,field,Royal Challengers Bangalore,wickets,7.0,N,Aleem Dar,C Shamshuddin
2013-04-21,V Sehwag,Feroz Shah Kotla,0,Delhi Daredevils,Mumbai Indians,Mumbai Indians,bat,Delhi Daredevils,wickets,9.0,N,HDPK Dharmasena,S Ravi
2013-04-21,DA Miller,"Punjab Cricket Association Stadium, Mohali",0,Kings XI Punjab,Pune Warriors,Kings XI Punjab,field,Kings XI Punjab,wickets,7.0,N,M Erasmus,K Srinath
2013-04-22,MEK Hussey,"MA Chidambaram Stadium, Chepauk",0,Chennai Super Kings,Rajasthan Royals,Rajasthan Royals,bat,Chennai Super Kings,wickets,5.0,N,S Asnani,AK Chaudhary
2013-04-23,CH Gayle,M Chinnaswamy Stadium,0,Royal Challengers Bangalore,Pune Warriors,Pune Warriors,field,Royal Challengers Bangalore,runs,130.0,N,Aleem Dar,C Shamshuddin
2013-05-16,DA Miller,Himachal Pradesh Cricket Association Stadium,0,Kings XI Punjab,Delhi Daredevils,Delhi Daredevils,field,Kings XI Punjab,runs,7.0,N,HDPK Dharmasena,S Ravi
2013-04-24,DR Smith,Eden Gardens,0,Kolkata Knight Riders,Mumbai Indians,Kolkata Knight Riders,bat,Mumbai Indians,wickets,5.0,N,HDPK Dharmasena,S Ravi
2013-04-25,MS Dhoni,"MA Chidambaram Stadium, Chepauk",0,Chennai Super Kings,Sunrisers Hyderabad,Sunrisers Hyderabad,bat,Chennai Super Kings,wickets,5.0,N,Aleem Dar,S Das
2013-04-26,JH Kallis,Eden Gardens,0,Kolkata Knight Riders,Kings XI Punjab,Kings XI Punjab,bat,Kolkata Knight Riders,wickets,6.0,N,CK Nandan,S Ravi
2013-04-27,JP Faulkner,Sawai Mansingh Stadium,0,Rajasthan Royals,Sunrisers Hyderabad,Sunrisers Hyderabad,bat,Rajasthan Royals,wickets,8.0,N,VA Kulkarni,K Srinath
2013-04-27,DR Smith,Wankhede Stadium,0,Mumbai Indians,Royal Challengers Bangalore,Mumbai Indians,bat,Mumbai Indians,runs,58.0,N,Asad Rauf,S Asnani
2013-04-28,MEK Hussey,"MA Chidambaram Stadium, Chepauk",0,Chennai Super Kings,Kolkata Knight Riders,Kolkata Knight Riders,field,Chennai Super Kings,runs,14.0,N,Aleem Dar,SJA Taufel
2013-04-28,DA Warner,Shaheed Veer Narayan Singh International Stadium,0,Delhi Daredevils,Pune Warriors,Pune Warriors,field,Delhi Daredevils,runs,15.0,N,CK Nandan,S Ravi
2013-04-29,SV Samson,Sawai Mansingh Stadium,0,Rajasthan Royals,Royal Challengers Bangalore,Rajasthan Royals,field,Rajasthan Royals,wickets,4.0,N,M Erasmus,K Srinath
2013-04-29,RG Sharma,Wankhede Stadium,0,Mumbai Indians,Kings XI Punjab,Mumbai Indians,bat,Mumbai Indians,runs,4.0,N,Asad Rauf,AK Chaudhary
2013-04-30,MS Dhoni,Subrata Roy Sahara Stadium,0,Pune Warriors,Chennai Super Kings,Chennai Super Kings,bat,Chennai Super Kings,runs,37.0,N,S Das,SJA Taufel
2013-05-01,I Sharma,"Rajiv Gandhi International Stadium, Uppal",0,Sunrisers Hyderabad,Mumbai Indians,Mumbai Indians,bat,Sunrisers Hyderabad,wickets,7.0,N,Asad Rauf,S Asnani
2013-05-01,DA Warner,Shaheed Veer Narayan Singh International Stadium,0,Delhi Daredevils,Kolkata Knight Riders,Kolkata Knight Riders,bat,Delhi Daredevils,wickets,7.0,N,HDPK Dharmasena,CK Nandan
2013-05-02,SK Raina,"MA Chidambaram Stadium, Chepauk",0,Chennai Super Kings,Kings XI Punjab,Chennai Super Kings,bat,Chennai Super Kings,runs,15.0,N,M Erasmus,VA Kulkarni
2013-05-02,AB de Villiers,Subrata Roy Sahara Stadium,0,Pune Warriors,Royal Challengers Bangalore,Royal Challengers Bangalore,bat,Royal Challengers Bangalore,runs,17.0,N,Aleem Dar,C Shamshuddin
2013-05-03,YK Pathan,Eden Gardens,0,Kolkata Knight Riders,Rajasthan Royals,Rajasthan Royals,bat,Kolkata Knight Riders,wickets,8.0,N,HDPK Dharmasena,CK Nandan
2013-05-04,DJG Sammy,"Rajiv Gandhi International Stadium, Uppal",0,Sunrisers Hyderabad,Delhi Daredevils,Delhi Daredevils,bat,Sunrisers Hyderabad,wickets,6.0,N,Asad Rauf,S Asnani
2013-05-14,AC Gilchrist,M Chinnaswamy Stadium,0,Royal Challengers Bangalore,Kings XI Punjab,Kings XI Punjab,field,Kings XI Punjab,wickets,7.0,N,HDPK Dharmasena,S Ravi
2013-05-05,MG Johnson,Wankhede Stadium,0,Mumbai Indians,Chennai Super Kings,Mumbai Indians,bat,Mumbai Indians,runs,60.0,N,HDPK Dharmasena,CK Nandan
2013-05-05,AM Rahane,Sawai Mansingh Stadium,0,Rajasthan Royals,Pune Warriors,Pune Warriors,bat,Rajasthan Royals,wickets,5.0,N,C Shamshuddin,RJ Tucker
2013-04-09,V Kohli,M Chinnaswamy Stadium,0,Royal Challengers Bangalore,Sunrisers Hyderabad,Sunrisers Hyderabad,bat,Royal Challengers Bangalore,wickets,7.0,N,S Ravi,SJA Taufel
2013-05-07,AM Rahane,Sawai Mansingh Stadium,0,Rajasthan Royals,Delhi Daredevils,Delhi Daredevils,bat,Rajasthan Royals,wickets,9.0,N,Aleem Dar,RJ Tucker
2013-05-07,SR Tendulkar,Wankhede Stadium,0,Mumbai Indians,Kolkata Knight Riders,Mumbai Indians,bat,Mumbai Indians,runs,65.0,N,HDPK Dharmasena,S Ravi
2013-05-08,SK Raina,"Rajiv Gandhi International Stadium, Uppal",0,Sunrisers Hyderabad,Chennai Super Kings,Sunrisers Hyderabad,field,Chennai Super Kings,runs,77.0,N,S Das,NJ Llong
2013-05-09,KK Cooper,"Punjab Cricket Association Stadium, Mohali",0,Kings XI Punjab,Rajasthan Royals,Rajasthan Royals,field,Rajasthan Royals,wickets,8.0,N,HDPK Dharmasena,S Ravi
2013-05-09,G Gambhir,Subrata Roy Sahara Stadium,0,Pune Warriors,Kolkata Knight Riders,Kolkata Knight Riders,bat,Kolkata Knight Riders,runs,46.0,N,Asad Rauf,S Asnani
2013-05-10,JD Unadkat,Feroz Shah Kotla,0,Delhi Daredevils,Royal Challengers Bangalore,Delhi Daredevils,field,Royal Challengers Bangalore,runs,4.0,N,NJ Llong,K Srinath
2013-05-11,MG Johnson,Subrata Roy Sahara Stadium,0,Pune Warriors,Mumbai Indians,Pune Warriors,bat,Mumbai Indians,wickets,5.0,N,Asad Rauf,AK Chaudhary
2013-05-11,PA Patel,"Punjab Cricket Association Stadium, Mohali",0,Kings XI Punjab,Sunrisers Hyderabad,Kings XI Punjab,field,Sunrisers Hyderabad,runs,30.0,N,S Das,RJ Tucker
2013-05-12,JH Kallis,JSCA International Stadium Complex,0,Kolkata Knight Riders,Royal Challengers Bangalore,Kolkata Knight Riders,field,Kolkata Knight Riders,wickets,5.0,N,NJ Llong,K Srinath
2013-05-12,SR Watson,Sawai Mansingh Stadium,0,Rajasthan Royals,Chennai Super Kings,Rajasthan Royals,field,Rajasthan Royals,wickets,5.0,N,HDPK Dharmasena,CK Nandan
2013-04-23,Harmeet Singh,Feroz Shah Kotla,0,Delhi Daredevils,Kings XI Punjab,Kings XI Punjab,field,Kings XI Punjab,wickets,5.0,N,VA Kulkarni,K Srinath
2013-05-13,KA Pollard,Wankhede Stadium,0,Mumbai Indians,Sunrisers Hyderabad,Sunrisers Hyderabad,bat,Mumbai Indians,wickets,7.0,N,AK Chaudhary,SJA Taufel
2013-05-15,MK Pandey,JSCA International Stadium Complex,0,Kolkata Knight Riders,Pune Warriors,Kolkata Knight Riders,field,Pune Warriors,runs,7.0,N,NJ Llong,K Srinath
2013-05-14,MS Dhoni,"MA Chidambaram Stadium, Chepauk",0,Chennai Super Kings,Delhi Daredevils,Chennai Super Kings,bat,Chennai Super Kings,runs,33.0,N,C Shamshuddin,RJ Tucker
2013-05-15,AP Tare,Wankhede Stadium,0,Mumbai Indians,Rajasthan Royals,Rajasthan Royals,field,Mumbai Indians,runs,14.0,N,Asad Rauf,S Asnani
2013-05-06,DA Miller,"Punjab Cricket Association Stadium, Mohali",0,Kings XI Punjab,Royal Challengers Bangalore,Kings XI Punjab,field,Kings XI Punjab,wickets,6.0,N,VA Kulkarni,NJ Llong
2013-05-17,A Mishra,"Rajiv Gandhi International Stadium, Uppal",0,Sunrisers Hyderabad,Rajasthan Royals,Sunrisers Hyderabad,bat,Sunrisers Hyderabad,runs,23.0,N,Asad Rauf,AK Chaudhary
2013-05-18,Azhar Mahmood,Himachal Pradesh Cricket Association Stadium,0,Kings XI Punjab,Mumbai Indians,Mumbai Indians,field,Kings XI Punjab,runs,50.0,N,HDPK Dharmasena,CK Nandan
2013-05-19,LJ Wright,Subrata Roy Sahara Stadium,0,Pune Warriors,Delhi Daredevils,Pune Warriors,bat,Pune Warriors,runs,38.0,N,NJ Llong,SJA Taufel
2013-05-18,V Kohli,M Chinnaswamy Stadium,0,Royal Challengers Bangalore,Chennai Super Kings,Chennai Super Kings,field,Royal Challengers Bangalore,runs,24.0,N,C Shamshuddin,RJ Tucker
2013-05-19,PA Patel,"Rajiv Gandhi International Stadium, Uppal",0,Sunrisers Hyderabad,Kolkata Knight Riders,Kolkata Knight Riders,bat,Sunrisers Hyderabad,wickets,5.0,N,Asad Rauf,S Asnani
2013-05-21,MEK Hussey,Feroz Shah Kotla,0,Chennai Super Kings,Mumbai Indians,Chennai Super Kings,bat,Chennai Super Kings,runs,48.0,N,NJ Llong,RJ Tucker
2013-05-22,BJ Hodge,Feroz Shah Kotla,0,Rajasthan Royals,Sunrisers Hyderabad,Sunrisers Hyderabad,bat,Rajasthan Royals,wickets,4.0,N,S Ravi,RJ Tucker
2013-05-24,Harbhajan Singh,Eden Gardens,0,Mumbai Indians,Rajasthan Royals,Rajasthan Royals,bat,Mumbai Indians,wickets,4.0,N,C Shamshuddin,SJA Taufel
2013-05-26,KA Pollard,Eden Gardens,0,Chennai Super Kings,Mumbai Indians,Mumbai Indians,bat,Mumbai Indians,runs,23.0,N,HDPK Dharmasena,SJA Taufel
2014-04-16,JH Kallis,Sheikh Zayed Stadium,1,Mumbai Indians,Kolkata Knight Riders,Kolkata Knight Riders,bat,Kolkata Knight Riders,runs,41.0,N,M Erasmus,RK Illingworth
2014-04-17,YS Chahal,Sharjah Cricket Stadium,1,Delhi Daredevils,Royal Challengers Bangalore,Royal Challengers Bangalore,field,Royal Challengers Bangalore,wickets,8.0,N,Aleem Dar,S Ravi
2014-04-18,GJ Maxwell,Sheikh Zayed Stadium,1,Chennai Super Kings,Kings XI Punjab,Chennai Super Kings,bat,Kings XI Punjab,wickets,6.0,N,RK Illingworth,C Shamshuddin
2014-04-18,AM Rahane,Sheikh Zayed Stadium,1,Sunrisers Hyderabad,Rajasthan Royals,Rajasthan Royals,field,Rajasthan Royals,wickets,4.0,N,BF Bowden,RK Illingworth
2014-04-19,PA Patel,Dubai International Cricket Stadium,1,Royal Challengers Bangalore,Mumbai Indians,Royal Challengers Bangalore,field,Royal Challengers Bangalore,wickets,7.0,N,Aleem Dar,AK Chaudhary
2014-04-19,JP Duminy,Dubai International Cricket Stadium,1,Kolkata Knight Riders,Delhi Daredevils,Kolkata Knight Riders,bat,Delhi Daredevils,wickets,4.0,N,Aleem Dar,VA Kulkarni
2014-04-20,GJ Maxwell,Sharjah Cricket Stadium,1,Rajasthan Royals,Kings XI Punjab,Kings XI Punjab,field,Kings XI Punjab,wickets,7.0,N,BF Bowden,M Erasmus
2014-04-21,SK Raina,Sheikh Zayed Stadium,1,Chennai Super Kings,Delhi Daredevils,Chennai Super Kings,bat,Chennai Super Kings,runs,93.0,N,RK Illingworth,C Shamshuddin
2014-04-22,GJ Maxwell,Sharjah Cricket Stadium,1,Kings XI Punjab,Sunrisers Hyderabad,Sunrisers Hyderabad,field,Kings XI Punjab,runs,72.0,N,M Erasmus,S Ravi
2014-04-23,RA Jadeja,Dubai International Cricket Stadium,1,Rajasthan Royals,Chennai Super Kings,Rajasthan Royals,field,Chennai Super Kings,runs,7.0,N,HDPK Dharmasena,RK Illingworth
2014-04-24,CA Lynn,Sharjah Cricket Stadium,1,Royal Challengers Bangalore,Kolkata Knight Riders,Royal Challengers Bangalore,field,Kolkata Knight Riders,runs,2.0,N,Aleem Dar,VA Kulkarni
2014-04-25,AJ Finch,Dubai International Cricket Stadium,1,Sunrisers Hyderabad,Delhi Daredevils,Sunrisers Hyderabad,bat,Sunrisers Hyderabad,runs,4.0,N,M Erasmus,S Ravi
2014-04-25,MM Sharma,Dubai International Cricket Stadium,1,Chennai Super Kings,Mumbai Indians,Mumbai Indians,bat,Chennai Super Kings,wickets,7.0,N,BF Bowden,M Erasmus
2014-04-26,PV Tambe,Sheikh Zayed Stadium,1,Rajasthan Royals,Royal Challengers Bangalore,Rajasthan Royals,field,Rajasthan Royals,wickets,6.0,N,HDPK Dharmasena,C Shamshuddin
2014-04-26,Sandeep Sharma,Sheikh Zayed Stadium,1,Kolkata Knight Riders,Kings XI Punjab,Kolkata Knight Riders,field,Kings XI Punjab,runs,23.0,N,HDPK Dharmasena,RK Illingworth
2014-04-27,M Vijay,Sharjah Cricket Stadium,1,Delhi Daredevils,Mumbai Indians,Mumbai Indians,bat,Delhi Daredevils,wickets,6.0,N,Aleem Dar,VA Kulkarni
2014-04-27,DR Smith,Sharjah Cricket Stadium,1,Sunrisers Hyderabad,Chennai Super Kings,Sunrisers Hyderabad,bat,Chennai Super Kings,wickets,5.0,N,AK Chaudhary,VA Kulkarni
2014-04-28,Sandeep Sharma,Dubai International Cricket Stadium,1,Kings XI Punjab,Royal Challengers Bangalore,Kings XI Punjab,field,Kings XI Punjab,wickets,5.0,N,BF Bowden,S Ravi
2014-04-29,JP Faulkner,Sheikh Zayed Stadium,1,Kolkata Knight Riders,Rajasthan Royals,Rajasthan Royals,bat,Rajasthan Royals,tie,,Y,Aleem Dar,AK Chaudhary
2014-04-30,B Kumar,Dubai International Cricket Stadium,1,Mumbai Indians,Sunrisers Hyderabad,Mumbai Indians,field,Sunrisers Hyderabad,runs,15.0,N,HDPK Dharmasena,M Erasmus
2014-05-02,RA Jadeja,JSCA International Stadium Complex,0,Chennai Super Kings,Kolkata Knight Riders,Chennai Super Kings,bat,Chennai Super Kings,runs,34.0,N,AK Chaudhary,NJ Llong
2014-05-03,CJ Anderson,Wankhede Stadium,0,Mumbai Indians,Kings XI Punjab,Kings XI Punjab,bat,Mumbai Indians,wickets,5.0,N,BNJ Oxenford,C Shamshuddin
2014-05-03,KK Nair,Feroz Shah Kotla,0,Delhi Daredevils,Rajasthan Royals,Rajasthan Royals,field,Rajasthan Royals,wickets,7.0,N,SS Hazare,S Ravi
2014-05-04,AB de Villiers,M Chinnaswamy Stadium,0,Royal Challengers Bangalore,Sunrisers Hyderabad,Royal Challengers Bangalore,field,Royal Challengers Bangalore,wickets,4.0,N,HDPK Dharmasena,VA Kulkarni
2014-05-05,PV Tambe,"Sardar Patel Stadium, Motera",0,Rajasthan Royals,Kolkata Knight Riders,Kolkata Knight Riders,field,Rajasthan Royals,runs,10.0,N,NJ Llong,CK Nandan
2014-05-05,DR Smith,Feroz Shah Kotla,0,Delhi Daredevils,Chennai Super Kings,Chennai Super Kings,field,Chennai Super Kings,wickets,8.0,N,RM Deshpande,BNJ Oxenford
2014-05-06,RG Sharma,Wankhede Stadium,0,Mumbai Indians,Royal Challengers Bangalore,Royal Challengers Bangalore,field,Mumbai Indians,runs,19.0,N,S Ravi,K Srinath
2014-05-07,G Gambhir,Feroz Shah Kotla,0,Delhi Daredevils,Kolkata Knight Riders,Delhi Daredevils,bat,Kolkata Knight Riders,wickets,8.0,N,BNJ Oxenford,C Shamshuddin
2014-05-07,GJ Maxwell,Barabati Stadium,0,Kings XI Punjab,Chennai Super Kings,Chennai Super Kings,field,Kings XI Punjab,runs,44.0,N,HDPK Dharmasena,PG Pathak
2014-05-08,B Kumar,"Sardar Patel Stadium, Motera",0,Rajasthan Royals,Sunrisers Hyderabad,Rajasthan Royals,field,Sunrisers Hyderabad,runs,32.0,N,AK Chaudhary,NJ Llong
2014-05-09,Sandeep Sharma,M Chinnaswamy Stadium,0,Royal Challengers Bangalore,Kings XI Punjab,Royal Challengers Bangalore,field,Kings XI Punjab,runs,32.0,N,S Ravi,K Srinath
2014-05-10,DW Steyn,Feroz Shah Kotla,0,Delhi Daredevils,Sunrisers Hyderabad,Sunrisers Hyderabad,field,Sunrisers Hyderabad,wickets,8.0,N,RM Deshpande,BNJ Oxenford
2014-05-10,DR Smith,Wankhede Stadium,0,Mumbai Indians,Chennai Super Kings,Chennai Super Kings,field,Chennai Super Kings,wickets,4.0,N,HDPK Dharmasena,VA Kulkarni
2014-05-11,G Gambhir,Barabati Stadium,0,Kings XI Punjab,Kolkata Knight Riders,Kolkata Knight Riders,field,Kolkata Knight Riders,wickets,9.0,N,NJ Llong,CK Nandan
2014-05-11,JP Faulkner,M Chinnaswamy Stadium,0,Royal Challengers Bangalore,Rajasthan Royals,Royal Challengers Bangalore,bat,Rajasthan Royals,wickets,5.0,N,S Ravi,RJ Tucker
2014-05-12,AT Rayudu,"Rajiv Gandhi International Stadium, Uppal",0,Sunrisers Hyderabad,Mumbai Indians,Sunrisers Hyderabad,bat,Mumbai Indians,wickets,7.0,N,HDPK Dharmasena,VA Kulkarni
2014-05-13,RA Jadeja,JSCA International Stadium Complex,0,Chennai Super Kings,Rajasthan Royals,Rajasthan Royals,bat,Chennai Super Kings,wickets,5.0,N,BNJ Oxenford,C Shamshuddin
2014-05-13,Yuvraj Singh,M Chinnaswamy Stadium,0,Royal Challengers Bangalore,Delhi Daredevils,Delhi Daredevils,field,Royal Challengers Bangalore,runs,16.0,N,K Srinath,RJ Tucker
2014-05-14,WP Saha,"Rajiv Gandhi International Stadium, Uppal",0,Sunrisers Hyderabad,Kings XI Punjab,Kings XI Punjab,field,Kings XI Punjab,wickets,6.0,N,VA Kulkarni,PG Pathak
2014-05-14,RV Uthappa,Barabati Stadium,0,Kolkata Knight Riders,Mumbai Indians,Kolkata Knight Riders,field,Kolkata Knight Riders,wickets,6.0,N,AK Chaudhary,NJ Llong
2014-05-15,AM Rahane,"Sardar Patel Stadium, Motera",0,Rajasthan Royals,Delhi Daredevils,Delhi Daredevils,field,Rajasthan Royals,runs,62.0,N,S Ravi,RJ Tucker
2014-05-18,AB de Villiers,JSCA International Stadium Complex,0,Chennai Super Kings,Royal Challengers Bangalore,Chennai Super Kings,bat,Royal Challengers Bangalore,wickets,5.0,N,BNJ Oxenford,C Shamshuddin
2014-05-18,UT Yadav,"Rajiv Gandhi International Stadium, Uppal",0,Sunrisers Hyderabad,Kolkata Knight Riders,Sunrisers Hyderabad,bat,Kolkata Knight Riders,wickets,7.0,N,NJ Llong,CK Nandan
2014-05-19,MEK Hussey,"Sardar Patel Stadium, Motera",0,Rajasthan Royals,Mumbai Indians,Mumbai Indians,bat,Mumbai Indians,runs,25.0,N,S Ravi,RJ Tucker
2014-05-19,AR Patel,Feroz Shah Kotla,0,Delhi Daredevils,Kings XI Punjab,Kings XI Punjab,field,Kings XI Punjab,wickets,4.0,N,HDPK Dharmasena,PG Pathak
2014-05-20,DA Warner,"Rajiv Gandhi International Stadium, Uppal",0,Sunrisers Hyderabad,Royal Challengers Bangalore,Royal Challengers Bangalore,bat,Sunrisers Hyderabad,wickets,7.0,N,AK Chaudhary,NJ Llong
2014-05-20,RV Uthappa,Eden Gardens,0,Kolkata Knight Riders,Chennai Super Kings,Kolkata Knight Riders,field,Kolkata Knight Riders,wickets,8.0,N,RM Deshpande,C Shamshuddin
2014-05-21,LMP Simmons,"Punjab Cricket Association Stadium, Mohali",0,Kings XI Punjab,Mumbai Indians,Mumbai Indians,field,Mumbai Indians,wickets,7.0,N,HDPK Dharmasena,VA Kulkarni
2014-05-22,RV Uthappa,Eden Gardens,0,Kolkata Knight Riders,Royal Challengers Bangalore,Royal Challengers Bangalore,field,Kolkata Knight Riders,runs,30.0,N,AK Chaudhary,CK Nandan
2014-05-22,DA Warner,JSCA International Stadium Complex,0,Chennai Super Kings,Sunrisers Hyderabad,Sunrisers Hyderabad,field,Sunrisers Hyderabad,wickets,6.0,N,BNJ Oxenford,C Shamshuddin
2014-05-23,MEK Hussey,Wankhede Stadium,0,Mumbai Indians,Delhi Daredevils,Delhi Daredevils,field,Mumbai Indians,runs,15.0,N,S Ravi,RJ Tucker
2014-05-23,SE Marsh,"Punjab Cricket Association Stadium, Mohali",0,Kings XI Punjab,Rajasthan Royals,Rajasthan Royals,field,Kings XI Punjab,runs,16.0,N,HDPK Dharmasena,PG Pathak
2014-05-24,MS Dhoni,M Chinnaswamy Stadium,0,Royal Challengers Bangalore,Chennai Super Kings,Chennai Super Kings,field,Chennai Super Kings,wickets,8.0,N,AK Chaudhary,NJ Llong
2014-05-24,YK Pathan,Eden Gardens,0,Kolkata Knight Riders,Sunrisers Hyderabad,Kolkata Knight Riders,field,Kolkata Knight Riders,wickets,4.0,N,RM Deshpande,BNJ Oxenford
2014-05-25,M Vohra,"Punjab Cricket Association Stadium, Mohali",0,Kings XI Punjab,Delhi Daredevils,Kings XI Punjab,field,Kings XI Punjab,wickets,7.0,N,HDPK Dharmasena,VA Kulkarni
2014-05-25,CJ Anderson,Wankhede Stadium,0,Mumbai Indians,Rajasthan Royals,Mumbai Indians,field,Mumbai Indians,wickets,5.0,N,K Srinath,RJ Tucker
2014-05-27,UT Yadav,Eden Gardens,0,Kings XI Punjab,Kolkata Knight Riders,Kings XI Punjab,field,Kolkata Knight Riders,runs,28.0,N,NJ Llong,S Ravi
2014-05-28,SK Raina,Brabourne Stadium,0,Chennai Super Kings,Mumbai Indians,Chennai Super Kings,field,Chennai Super Kings,wickets,7.0,N,VA Kulkarni,BNJ Oxenford
2014-05-30,V Sehwag,Wankhede Stadium,0,Chennai Super Kings,Kings XI Punjab,Chennai Super Kings,field,Kings XI Punjab,runs,24.0,N,HDPK Dharmasena,RJ Tucker
2014-06-01,MK Pandey,M Chinnaswamy Stadium,0,Kolkata Knight Riders,Kings XI Punjab,Kolkata Knight Riders,field,Kolkata Knight Riders,wickets,3.0,N,HDPK Dharmasena,BNJ Oxenford
2015-04-08,M Morkel,Eden Gardens,0,Kolkata Knight Riders,Mumbai Indians,Kolkata Knight Riders,field,Kolkata Knight Riders,wickets,7.0,N,S Ravi,C Shamshuddin
2015-04-09,A Nehra,"MA Chidambaram Stadium, Chepauk",0,Chennai Super Kings,Delhi Daredevils,Delhi Daredevils,field,Chennai Super Kings,runs,1.0,N,RK Illingworth,VA Kulkarni
2015-04-10,JP Faulkner,Maharashtra Cricket Association Stadium,0,Kings XI Punjab,Rajasthan Royals,Kings XI Punjab,field,Rajasthan Royals,runs,26.0,N,SD Fry,CB Gaffaney
2015-04-11,BB McCullum,"MA Chidambaram Stadium, Chepauk",0,Chennai Super Kings,Sunrisers Hyderabad,Chennai Super Kings,bat,Chennai Super Kings,runs,45.0,N,RK Illingworth,VA Kulkarni
2015-04-11,CH Gayle,Eden Gardens,0,Kolkata Knight Riders,Royal Challengers Bangalore,Royal Challengers Bangalore,field,Royal Challengers Bangalore,wickets,3.0,N,S Ravi,C Shamshuddin
2015-04-12,DJ Hooda,Feroz Shah Kotla,0,Delhi Daredevils,Rajasthan Royals,Rajasthan Royals,field,Rajasthan Royals,wickets,3.0,N,SD Fry,CB Gaffaney
2015-04-12,GJ Bailey,Wankhede Stadium,0,Mumbai Indians,Kings XI Punjab,Mumbai Indians,field,Kings XI Punjab,runs,18.0,N,AK Chaudhary,K Srinivasan
2015-04-13,DA Warner,M Chinnaswamy Stadium,0,Royal Challengers Bangalore,Sunrisers Hyderabad,Sunrisers Hyderabad,field,Sunrisers Hyderabad,wickets,8.0,N,RM Deshpande,RK Illingworth
2015-04-14,SPD Smith,"Sardar Patel Stadium, Motera",0,Rajasthan Royals,Mumbai Indians,Mumbai Indians,bat,Rajasthan Royals,wickets,7.0,N,AK Chaudhary,SD Fry
2015-04-30,AD Russell,Eden Gardens,0,Kolkata Knight Riders,Chennai Super Kings,Kolkata Knight Riders,field,Kolkata Knight Riders,wickets,7.0,N,AK Chaudhary,M Erasmus
2015-04-15,MA Agarwal,Maharashtra Cricket Association Stadium,0,Kings XI Punjab,Delhi Daredevils,Kings XI Punjab,bat,Delhi Daredevils,wickets,5.0,N,CB Gaffaney,K Srinath
2015-04-16,AM Rahane,Dr. Y.S. Rajasekhara Reddy ACA-VDCA Cricket Stadium,0,Sunrisers Hyderabad,Rajasthan Royals,Rajasthan Royals,field,Rajasthan Royals,wickets,6.0,N,PG Pathak,S Ravi
2015-04-17,A Nehra,Wankhede Stadium,0,Mumbai Indians,Chennai Super Kings,Mumbai Indians,bat,Chennai Super Kings,wickets,6.0,N,AK Chaudhary,M Erasmus
2015-04-18,JP Duminy,Dr. Y.S. Rajasekhara Reddy ACA-VDCA Cricket Stadium,0,Sunrisers Hyderabad,Delhi Daredevils,Delhi Daredevils,bat,Delhi Daredevils,runs,4.0,N,PG Pathak,S Ravi
2015-04-18,AD Russell,Maharashtra Cricket Association Stadium,0,Kings XI Punjab,Kolkata Knight Riders,Kolkata Knight Riders,field,Kolkata Knight Riders,wickets,4.0,N,SD Fry,CK Nandan
2015-04-19,AM Rahane,"Sardar Patel Stadium, Motera",0,Rajasthan Royals,Chennai Super Kings,Chennai Super Kings,bat,Rajasthan Royals,wickets,8.0,N,AK Chaudhary,M Erasmus
2015-04-19,Harbhajan Singh,M Chinnaswamy Stadium,0,Royal Challengers Bangalore,Mumbai Indians,Royal Challengers Bangalore,field,Mumbai Indians,runs,18.0,N,RK Illingworth,VA Kulkarni
2015-04-20,UT Yadav,Feroz Shah Kotla,0,Delhi Daredevils,Kolkata Knight Riders,Kolkata Knight Riders,field,Kolkata Knight Riders,wickets,6.0,N,SD Fry,CB Gaffaney
2015-04-21,SE Marsh,"Sardar Patel Stadium, Motera",0,Rajasthan Royals,Kings XI Punjab,Kings XI Punjab,field,Kings XI Punjab,tie,,Y,M Erasmus,S Ravi
2015-04-22,DA Warner,Dr. Y.S. Rajasekhara Reddy ACA-VDCA Cricket Stadium,0,Sunrisers Hyderabad,Kolkata Knight Riders,Kolkata Knight Riders,field,Sunrisers Hyderabad,runs,16.0,N,RK Illingworth,VA Kulkarni
2015-04-22,SK Raina,M Chinnaswamy Stadium,0,Royal Challengers Bangalore,Chennai Super Kings,Royal Challengers Bangalore,field,Chennai Super Kings,runs,27.0,N,JD Cloete,C Shamshuddin
2015-04-23,SS Iyer,Feroz Shah Kotla,0,Delhi Daredevils,Mumbai Indians,Mumbai Indians,field,Delhi Daredevils,runs,37.0,N,SD Fry,CK Nandan
2015-04-24,MA Starc,"Sardar Patel Stadium, Motera",0,Rajasthan Royals,Royal Challengers Bangalore,Royal Challengers Bangalore,field,Royal Challengers Bangalore,wickets,9.0,N,M Erasmus,S Ravi
2015-04-25,SL Malinga,Wankhede Stadium,0,Mumbai Indians,Sunrisers Hyderabad,Mumbai Indians,bat,Mumbai Indians,runs,20.0,N,HDPK Dharmasena,CB Gaffaney
2015-04-25,BB McCullum,"MA Chidambaram Stadium, Chepauk",0,Chennai Super Kings,Kings XI Punjab,Chennai Super Kings,bat,Chennai Super Kings,runs,97.0,N,JD Cloete,C Shamshuddin
2015-04-26,VR Aaron,Feroz Shah Kotla,0,Delhi Daredevils,Royal Challengers Bangalore,Royal Challengers Bangalore,field,Royal Challengers Bangalore,wickets,10.0,N,M Erasmus,S Ravi
2015-04-27,TA Boult,"Punjab Cricket Association Stadium, Mohali",0,Kings XI Punjab,Sunrisers Hyderabad,Kings XI Punjab,field,Sunrisers Hyderabad,runs,20.0,N,HDPK Dharmasena,CB Gaffaney
2015-05-07,PP Chawla,Eden Gardens,0,Kolkata Knight Riders,Delhi Daredevils,Kolkata Knight Riders,bat,Kolkata Knight Riders,runs,13.0,N,AK Chaudhary,M Erasmus
2015-04-29,,M Chinnaswamy Stadium,0,Royal Challengers Bangalore,Rajasthan Royals,Rajasthan Royals,field,,,,,JD Cloete,PG Pathak
2015-04-28,DJ Bravo,"MA Chidambaram Stadium, Chepauk",0,Chennai Super Kings,Kolkata Knight Riders,Kolkata Knight Riders,field,Chennai Super Kings,runs,2.0,N,RM Deshpande,VA Kulkarni
2015-05-01,NM Coulter-Nile,Feroz Shah Kotla,0,Delhi Daredevils,Kings XI Punjab,Delhi Daredevils,field,Delhi Daredevils,wickets,9.0,N,RK Illingworth,S Ravi
2015-05-01,AT Rayudu,Wankhede Stadium,0,Mumbai Indians,Rajasthan Royals,Rajasthan Royals,field,Mumbai Indians,runs,8.0,N,HDPK Dharmasena,CK Nandan
2015-05-02,Mandeep Singh,M Chinnaswamy Stadium,0,Royal Challengers Bangalore,Kolkata Knight Riders,Royal Challengers Bangalore,field,Royal Challengers Bangalore,wickets,7.0,N,JD Cloete,PG Pathak
2015-05-02,DA Warner,"Rajiv Gandhi International Stadium, Uppal",0,Sunrisers Hyderabad,Chennai Super Kings,Chennai Super Kings,field,Sunrisers Hyderabad,runs,22.0,N,AK Chaudhary,K Srinivasan
2015-05-03,LMP Simmons,"Punjab Cricket Association Stadium, Mohali",0,Kings XI Punjab,Mumbai Indians,Mumbai Indians,bat,Mumbai Indians,runs,23.0,N,RK Illingworth,VA Kulkarni
2015-05-03,AM Rahane,Brabourne Stadium,0,Rajasthan Royals,Delhi Daredevils,Delhi Daredevils,field,Rajasthan Royals,runs,14.0,N,HDPK Dharmasena,CB Gaffaney
2015-05-04,SK Raina,"MA Chidambaram Stadium, Chepauk",0,Chennai Super Kings,Royal Challengers Bangalore,Chennai Super Kings,bat,Chennai Super Kings,runs,24.0,N,C Shamshuddin,K Srinath
2015-05-04,UT Yadav,Eden Gardens,0,Kolkata Knight Riders,Sunrisers Hyderabad,Sunrisers Hyderabad,field,Kolkata Knight Riders,runs,35.0,N,AK Chaudhary,M Erasmus
2015-05-05,Harbhajan Singh,Wankhede Stadium,0,Mumbai Indians,Delhi Daredevils,Delhi Daredevils,bat,Mumbai Indians,wickets,5.0,N,HDPK Dharmasena,CB Gaffaney
2015-05-06,CH Gayle,M Chinnaswamy Stadium,0,Royal Challengers Bangalore,Kings XI Punjab,Kings XI Punjab,field,Royal Challengers Bangalore,runs,138.0,N,RK Illingworth,VA Kulkarni
2015-05-07,EJG Morgan,Brabourne Stadium,0,Rajasthan Royals,Sunrisers Hyderabad,Rajasthan Royals,field,Sunrisers Hyderabad,runs,7.0,N,JD Cloete,C Shamshuddin
2015-05-08,HH Pandya,"MA Chidambaram Stadium, Chepauk",0,Chennai Super Kings,Mumbai Indians,Chennai Super Kings,bat,Mumbai Indians,wickets,6.0,N,CB Gaffaney,CK Nandan
2015-05-09,AD Russell,Eden Gardens,0,Kolkata Knight Riders,Kings XI Punjab,Kings XI Punjab,bat,Kolkata Knight Riders,wickets,1.0,N,AK Chaudhary,HDPK Dharmasena
2015-05-09,MC Henriques,Shaheed Veer Narayan Singh International Stadium,0,Delhi Daredevils,Sunrisers Hyderabad,Sunrisers Hyderabad,bat,Sunrisers Hyderabad,runs,6.0,N,VA Kulkarni,S Ravi
2015-05-10,AB de Villiers,Wankhede Stadium,0,Mumbai Indians,Royal Challengers Bangalore,Royal Challengers Bangalore,bat,Royal Challengers Bangalore,runs,39.0,N,JD Cloete,C Shamshuddin
2015-05-10,RA Jadeja,"MA Chidambaram Stadium, Chepauk",0,Chennai Super Kings,Rajasthan Royals,Chennai Super Kings,bat,Chennai Super Kings,runs,12.0,N,M Erasmus,CK Nandan
2015-05-11,DA Warner,"Rajiv Gandhi International Stadium, Uppal",0,Sunrisers Hyderabad,Kings XI Punjab,Sunrisers Hyderabad,bat,Sunrisers Hyderabad,runs,5.0,N,AK Chaudhary,HDPK Dharmasena
2015-05-12,Z Khan,Shaheed Veer Narayan Singh International Stadium,0,Delhi Daredevils,Chennai Super Kings,Chennai Super Kings,bat,Delhi Daredevils,wickets,6.0,N,RK Illingworth,VA Kulkarni
2015-05-13,AR Patel,"Punjab Cricket Association Stadium, Mohali",0,Kings XI Punjab,Royal Challengers Bangalore,Royal Challengers Bangalore,field,Kings XI Punjab,runs,22.0,N,JD Cloete,C Shamshuddin
2015-05-14,HH Pandya,Wankhede Stadium,0,Mumbai Indians,Kolkata Knight Riders,Kolkata Knight Riders,field,Mumbai Indians,runs,5.0,N,RK Illingworth,VA Kulkarni
2015-05-15,V Kohli,"Rajiv Gandhi International Stadium, Uppal",0,Sunrisers Hyderabad,Royal Challengers Bangalore,Sunrisers Hyderabad,bat,Royal Challengers Bangalore,wickets,6.0,N,AK Chaudhary,HDPK Dharmasena
2015-05-16,P Negi,"Punjab Cricket Association Stadium, Mohali",0,Kings XI Punjab,Chennai Super Kings,Kings XI Punjab,bat,Chennai Super Kings,wickets,7.0,N,CK Nandan,C Shamshuddin
2015-05-16,SR Watson,Brabourne Stadium,0,Rajasthan Royals,Kolkata Knight Riders,Rajasthan Royals,bat,Rajasthan Royals,runs,9.0,N,RM Deshpande,RK Illingworth
2015-05-17,,M Chinnaswamy Stadium,0,Royal Challengers Bangalore,Delhi Daredevils,Royal Challengers Bangalore,field,,,,,HDPK Dharmasena,K Srinivasan
2015-05-17,MJ McClenaghan,"Rajiv Gandhi International Stadium, Uppal",0,Sunrisers Hyderabad,Mumbai Indians,Sunrisers Hyderabad,bat,Mumbai Indians,wickets,9.0,N,CB Gaffaney,K Srinath
2015-05-19,KA Pollard,Wankhede Stadium,0,Chennai Super Kings,Mumbai Indians,Mumbai Indians,bat,Mumbai Indians,runs,25.0,N,HDPK Dharmasena,RK Illingworth
2015-05-20,AB de Villiers,Maharashtra Cricket Association Stadium,0,Royal Challengers Bangalore,Rajasthan Royals,Royal Challengers Bangalore,bat,Royal Challengers Bangalore,runs,71.0,N,AK Chaudhary,C Shamshuddin
2015-05-22,A Nehra,JSCA International Stadium Complex,0,Chennai Super Kings,Royal Challengers Bangalore,Chennai Super Kings,field,Chennai Super Kings,wickets,3.0,N,AK Chaudhary,CB Gaffaney
2015-05-24,RG Sharma,Eden Gardens,0,Mumbai Indians,Chennai Super Kings,Chennai Super Kings,field,Mumbai Indians,runs,41.0,N,HDPK Dharmasena,RK Illingworth
2016-04-09,AM Rahane,Wankhede Stadium,0,Mumbai Indians,Rising Pune Supergiants,Mumbai Indians,bat,Rising Pune Supergiants,wickets,9.0,N,HDPK Dharmasena,CK Nandan
2016-04-10,AD Russell,Eden Gardens,0,Kolkata Knight Riders,Delhi Daredevils,Kolkata Knight Riders,field,Kolkata Knight Riders,wickets,9.0,N,S Ravi,C Shamshuddin
2016-04-11,AJ Finch,"Punjab Cricket Association IS Bindra Stadium, Mohali",0,Kings XI Punjab,Gujarat Lions,Gujarat Lions,field,Gujarat Lions,wickets,5.0,N,AK Chaudhary,VA Kulkarni
2016-04-12,AB de Villiers,M Chinnaswamy Stadium,0,Royal Challengers Bangalore,Sunrisers Hyderabad,Sunrisers Hyderabad,field,Royal Challengers Bangalore,runs,45.0,N,HDPK Dharmasena,VK Sharma
2016-04-13,RG Sharma,Eden Gardens,0,Kolkata Knight Riders,Mumbai Indians,Mumbai Indians,field,Mumbai Indians,wickets,6.0,N,Nitin Menon,S Ravi
2016-04-14,AJ Finch,Saurashtra Cricket Association Stadium,0,Gujarat Lions,Rising Pune Supergiants,Rising Pune Supergiants,bat,Gujarat Lions,wickets,7.0,N,VA Kulkarni,CK Nandan
2016-04-15,A Mishra,Feroz Shah Kotla,0,Delhi Daredevils,Kings XI Punjab,Delhi Daredevils,field,Delhi Daredevils,wickets,8.0,N,S Ravi,C Shamshuddin
2016-04-16,G Gambhir,"Rajiv Gandhi International Stadium, Uppal",0,Sunrisers Hyderabad,Kolkata Knight Riders,Sunrisers Hyderabad,bat,Kolkata Knight Riders,wickets,8.0,N,AK Chaudhary,CK Nandan
2016-04-16,AJ Finch,Wankhede Stadium,0,Mumbai Indians,Gujarat Lions,Gujarat Lions,field,Gujarat Lions,wickets,3.0,N,HDPK Dharmasena,VK Sharma
2016-04-17,M Vohra,"Punjab Cricket Association IS Bindra Stadium, Mohali",0,Kings XI Punjab,Rising Pune Supergiants,Rising Pune Supergiants,bat,Kings XI Punjab,wickets,6.0,N,S Ravi,C Shamshuddin
2016-04-17,Q de Kock,M Chinnaswamy Stadium,0,Royal Challengers Bangalore,Delhi Daredevils,Delhi Daredevils,field,Delhi Daredevils,wickets,7.0,N,VA Kulkarni,A Nand Kishore
2016-04-18,DA Warner,"Rajiv Gandhi International Stadium, Uppal",0,Sunrisers Hyderabad,Mumbai Indians,Sunrisers Hyderabad,field,Sunrisers Hyderabad,wickets,7.0,N,HDPK Dharmasena,VK Sharma
2016-04-19,RV Uthappa,"Punjab Cricket Association IS Bindra Stadium, Mohali",0,Kings XI Punjab,Kolkata Knight Riders,Kolkata Knight Riders,field,Kolkata Knight Riders,wickets,6.0,N,S Ravi,C Shamshuddin
2016-04-20,RG Sharma,Wankhede Stadium,0,Mumbai Indians,Royal Challengers Bangalore,Mumbai Indians,field,Mumbai Indians,wickets,6.0,N,AK Chaudhary,CK Nandan
2016-04-21,B Kumar,Saurashtra Cricket Association Stadium,0,Gujarat Lions,Sunrisers Hyderabad,Sunrisers Hyderabad,field,Sunrisers Hyderabad,wickets,10.0,N,K Bharatan,HDPK Dharmasena
2016-04-22,AB de Villiers,Maharashtra Cricket Association Stadium,0,Rising Pune Supergiants,Royal Challengers Bangalore,Rising Pune Supergiants,field,Royal Challengers Bangalore,runs,13.0,N,CB Gaffaney,VK Sharma
2016-04-23,SV Samson,Feroz Shah Kotla,0,Delhi Daredevils,Mumbai Indians,Mumbai Indians,field,Delhi Daredevils,runs,10.0,N,S Ravi,C Shamshuddin
2016-04-23,Mustafizur Rahman,"Rajiv Gandhi International Stadium, Uppal",0,Sunrisers Hyderabad,Kings XI Punjab,Sunrisers Hyderabad,field,Sunrisers Hyderabad,wickets,5.0,N,AK Chaudhary,CK Nandan
2016-04-24,V Kohli,Saurashtra Cricket Association Stadium,0,Gujarat Lions,Royal Challengers Bangalore,Royal Challengers Bangalore,bat,Gujarat Lions,wickets,6.0,N,K Bharatan,BNJ Oxenford
2016-04-24,SA Yadav,Maharashtra Cricket Association Stadium,0,Rising Pune Supergiants,Kolkata Knight Riders,Kolkata Knight Riders,field,Kolkata Knight Riders,wickets,2.0,N,CB Gaffaney,A Nand Kishore
2016-04-25,PA Patel,"Punjab Cricket Association IS Bindra Stadium, Mohali",0,Kings XI Punjab,Mumbai Indians,Kings XI Punjab,field,Mumbai Indians,runs,25.0,N,Nitin Menon,RJ Tucker
2016-04-26,AB Dinda,"Rajiv Gandhi International Stadium, Uppal",0,Sunrisers Hyderabad,Rising Pune Supergiants,Rising Pune Supergiants,field,Rising Pune Supergiants,runs,34.0,N,AY Dandekar,CK Nandan
2016-04-27,CH Morris,Feroz Shah Kotla,0,Delhi Daredevils,Gujarat Lions,Delhi Daredevils,field,Gujarat Lions,runs,1.0,N,M Erasmus,S Ravi
2016-04-28,RG Sharma,Wankhede Stadium,0,Mumbai Indians,Kolkata Knight Riders,Mumbai Indians,field,Mumbai Indians,wickets,6.0,N,Nitin Menon,RJ Tucker
2016-04-29,DR Smith,Maharashtra Cricket Association Stadium,0,Rising Pune Supergiants,Gujarat Lions,Gujarat Lions,field,Gujarat Lions,wickets,3.0,N,CB Gaffaney,BNJ Oxenford
2016-04-30,CR Brathwaite,Feroz Shah Kotla,0,Delhi Daredevils,Kolkata Knight Riders,Kolkata Knight Riders,field,Delhi Daredevils,runs,27.0,N,KN Ananthapadmanabhan,M Erasmus
2016-04-30,DA Warner,"Rajiv Gandhi International Stadium, Uppal",0,Sunrisers Hyderabad,Royal Challengers Bangalore,Royal Challengers Bangalore,field,Sunrisers Hyderabad,runs,15.0,N,AK Chaudhary,HDPK Dharmasena
2016-05-01,AR Patel,Saurashtra Cricket Association Stadium,0,Gujarat Lions,Kings XI Punjab,Gujarat Lions,field,Kings XI Punjab,runs,23.0,N,BNJ Oxenford,VK Sharma
2016-05-01,RG Sharma,Maharashtra Cricket Association Stadium,0,Rising Pune Supergiants,Mumbai Indians,Mumbai Indians,field,Mumbai Indians,wickets,8.0,N,AY Dandekar,RJ Tucker
2016-05-02,AD Russell,M Chinnaswamy Stadium,0,Royal Challengers Bangalore,Kolkata Knight Riders,Kolkata Knight Riders,field,Kolkata Knight Riders,wickets,5.0,N,M Erasmus,S Ravi
2016-05-03,RR Pant,Saurashtra Cricket Association Stadium,0,Gujarat Lions,Delhi Daredevils,Delhi Daredevils,field,Delhi Daredevils,wickets,8.0,N,CB Gaffaney,BNJ Oxenford
2016-05-04,AD Russell,Eden Gardens,0,Kolkata Knight Riders,Kings XI Punjab,Kings XI Punjab,field,Kolkata Knight Riders,runs,7.0,N,AK Chaudhary,HDPK Dharmasena
2016-05-05,AM Rahane,Feroz Shah Kotla,0,Delhi Daredevils,Rising Pune Supergiants,Rising Pune Supergiants,field,Rising Pune Supergiants,wickets,7.0,N,C Shamshuddin,RJ Tucker
2016-05-06,B Kumar,"Rajiv Gandhi International Stadium, Uppal",0,Sunrisers Hyderabad,Gujarat Lions,Sunrisers Hyderabad,field,Sunrisers Hyderabad,wickets,5.0,N,M Erasmus,S Ravi
2016-05-07,V Kohli,M Chinnaswamy Stadium,0,Royal Challengers Bangalore,Rising Pune Supergiants,Royal Challengers Bangalore,field,Royal Challengers Bangalore,wickets,7.0,N,CB Gaffaney,BNJ Oxenford
2016-05-07,MP Stoinis,"Punjab Cricket Association IS Bindra Stadium, Mohali",0,Kings XI Punjab,Delhi Daredevils,Delhi Daredevils,field,Kings XI Punjab,runs,9.0,N,HDPK Dharmasena,CK Nandan
2016-05-08,A Nehra,Dr. Y.S. Rajasekhara Reddy ACA-VDCA Cricket Stadium,0,Mumbai Indians,Sunrisers Hyderabad,Mumbai Indians,field,Sunrisers Hyderabad,runs,85.0,N,S Ravi,C Shamshuddin
2016-05-08,P Kumar,Eden Gardens,0,Kolkata Knight Riders,Gujarat Lions,Gujarat Lions,field,Gujarat Lions,wickets,5.0,N,M Erasmus,RJ Tucker
2016-05-09,SR Watson,"Punjab Cricket Association IS Bindra Stadium, Mohali",0,Kings XI Punjab,Royal Challengers Bangalore,Kings XI Punjab,field,Royal Challengers Bangalore,runs,1.0,N,AK Chaudhary,HDPK Dharmasena
2016-05-10,A Zampa,Dr. Y.S. Rajasekhara Reddy ACA-VDCA Cricket Stadium,0,Rising Pune Supergiants,Sunrisers Hyderabad,Sunrisers Hyderabad,bat,Sunrisers Hyderabad,runs,4.0,N,CB Gaffaney,VK Sharma
2016-05-11,KH Pandya,M Chinnaswamy Stadium,0,Royal Challengers Bangalore,Mumbai Indians,Mumbai Indians,field,Mumbai Indians,wickets,6.0,N,AY Dandekar,C Shamshuddin
2016-05-12,CH Morris,"Rajiv Gandhi International Stadium, Uppal",0,Sunrisers Hyderabad,Delhi Daredevils,Delhi Daredevils,field,Delhi Daredevils,wickets,7.0,N,K Bharatan,M Erasmus
2016-05-13,MP Stoinis,Dr. Y.S. Rajasekhara Reddy ACA-VDCA Cricket Stadium,0,Mumbai Indians,Kings XI Punjab,Mumbai Indians,bat,Kings XI Punjab,wickets,7.0,N,HDPK Dharmasena,CK Nandan
2016-05-14,AB de Villiers,M Chinnaswamy Stadium,0,Royal Challengers Bangalore,Gujarat Lions,Gujarat Lions,field,Royal Challengers Bangalore,runs,144.0,N,AY Dandekar,VK Sharma
2016-05-14,YK Pathan,Eden Gardens,0,Kolkata Knight Riders,Rising Pune Supergiants,Rising Pune Supergiants,bat,Kolkata Knight Riders,wickets,8.0,N,A Nand Kishore,BNJ Oxenford
2016-05-15,HM Amla,"Punjab Cricket Association IS Bindra Stadium, Mohali",0,Kings XI Punjab,Sunrisers Hyderabad,Kings XI Punjab,bat,Sunrisers Hyderabad,wickets,7.0,N,KN Ananthapadmanabhan,M Erasmus
2016-05-15,KH Pandya,Dr. Y.S. Rajasekhara Reddy ACA-VDCA Cricket Stadium,0,Mumbai Indians,Delhi Daredevils,Delhi Daredevils,field,Mumbai Indians,runs,80.0,N,Nitin Menon,CK Nandan
2016-05-16,V Kohli,Eden Gardens,0,Kolkata Knight Riders,Royal Challengers Bangalore,Royal Challengers Bangalore,field,Royal Challengers Bangalore,wickets,9.0,N,CB Gaffaney,A Nand Kishore
2016-05-17,AB Dinda,Dr. Y.S. Rajasekhara Reddy ACA-VDCA Cricket Stadium,0,Rising Pune Supergiants,Delhi Daredevils,Rising Pune Supergiants,field,Rising Pune Supergiants,runs,19.0,N,Nitin Menon,C Shamshuddin
2016-05-18,V Kohli,M Chinnaswamy Stadium,0,Royal Challengers Bangalore,Kings XI Punjab,Kings XI Punjab,field,Royal Challengers Bangalore,runs,82.0,N,KN Ananthapadmanabhan,M Erasmus
2016-05-19,DR Smith,Green Park,0,Gujarat Lions,Kolkata Knight Riders,Gujarat Lions,field,Gujarat Lions,wickets,6.0,N,AK Chaudhary,CK Nandan
2016-05-20,KK Nair,Shaheed Veer Narayan Singh International Stadium,0,Delhi Daredevils,Sunrisers Hyderabad,Delhi Daredevils,field,Delhi Daredevils,wickets,6.0,N,A Nand Kishore,BNJ Oxenford
2016-05-21,MS Dhoni,Dr. Y.S. Rajasekhara Reddy ACA-VDCA Cricket Stadium,0,Rising Pune Supergiants,Kings XI Punjab,Kings XI Punjab,bat,Rising Pune Supergiants,wickets,4.0,N,HDPK Dharmasena,Nitin Menon
2016-05-21,SK Raina,Green Park,0,Gujarat Lions,Mumbai Indians,Gujarat Lions,field,Gujarat Lions,wickets,6.0,N,AK Chaudhary,CK Nandan
2016-05-22,YK Pathan,Eden Gardens,0,Kolkata Knight Riders,Sunrisers Hyderabad,Sunrisers Hyderabad,field,Kolkata Knight Riders,runs,22.0,N,KN Ananthapadmanabhan,M Erasmus
2016-05-22,V Kohli,Shaheed Veer Narayan Singh International Stadium,0,Delhi Daredevils,Royal Challengers Bangalore,Royal Challengers Bangalore,field,Royal Challengers Bangalore,wickets,6.0,N,A Nand Kishore,BNJ Oxenford
2016-05-24,AB de Villiers,M Chinnaswamy Stadium,0,Gujarat Lions,Royal Challengers Bangalore,Royal Challengers Bangalore,field,Royal Challengers Bangalore,wickets,4.0,N,AK Chaudhary,HDPK Dharmasena
2016-05-25,MC Henriques,Feroz Shah Kotla,0,Sunrisers Hyderabad,Kolkata Knight Riders,Kolkata Knight Riders,field,Sunrisers Hyderabad,runs,22.0,N,M Erasmus,C Shamshuddin
2016-05-27,DA Warner,Feroz Shah Kotla,0,Gujarat Lions,Sunrisers Hyderabad,Sunrisers Hyderabad,field,Sunrisers Hyderabad,wickets,4.0,N,M Erasmus,CK Nandan
2016-05-29,BCJ Cutting,M Chinnaswamy Stadium,0,Royal Challengers Bangalore,Sunrisers Hyderabad,Sunrisers Hyderabad,bat,Sunrisers Hyderabad,runs,8.0,N,HDPK Dharmasena,BNJ Oxenford
2017-04-05,Yuvraj Singh,"Rajiv Gandhi International Stadium, Uppal",0,Sunrisers Hyderabad,Royal Challengers Bangalore,Royal Challengers Bangalore,field,Sunrisers Hyderabad,runs,35.0,N,AY Dandekar,NJ Llong
2017-04-06,SPD Smith,Maharashtra Cricket Association Stadium,0,Rising Pune Supergiant,Mumbai Indians,Rising Pune Supergiant,field,Rising Pune Supergiant,wickets,7.0,N,A Nand Kishore,S Ravi
2017-04-07,CA Lynn,Saurashtra Cricket Association Stadium,0,Gujarat Lions,Kolkata Knight Riders,Kolkata Knight Riders,field,Kolkata Knight Riders,wickets,10.0,N,Nitin Menon,CK Nandan
2017-04-08,GJ Maxwell,Holkar Cricket Stadium,0,Kings XI Punjab,Rising Pune Supergiant,Kings XI Punjab,field,Kings XI Punjab,wickets,6.0,N,AK Chaudhary,C Shamshuddin
2017-04-08,KM Jadhav,M.Chinnaswamy Stadium,0,Royal Challengers Bangalore,Delhi Daredevils,Royal Challengers Bangalore,bat,Royal Challengers Bangalore,runs,15.0,N,S Ravi,VK Sharma
2017-04-09,Rashid Khan,"Rajiv Gandhi International Stadium, Uppal",0,Sunrisers Hyderabad,Gujarat Lions,Sunrisers Hyderabad,field,Sunrisers Hyderabad,wickets,9.0,N,A Deshmukh,NJ Llong
2017-04-09,N Rana,Wankhede Stadium,0,Mumbai Indians,Kolkata Knight Riders,Mumbai Indians,field,Mumbai Indians,wickets,4.0,N,Nitin Menon,CK Nandan
2017-04-10,AR Patel,Holkar Cricket Stadium,0,Kings XI Punjab,Royal Challengers Bangalore,Royal Challengers Bangalore,bat,Kings XI Punjab,wickets,8.0,N,AK Chaudhary,C Shamshuddin
2017-04-11,SV Samson,Maharashtra Cricket Association Stadium,0,Rising Pune Supergiant,Delhi Daredevils,Rising Pune Supergiant,field,Delhi Daredevils,runs,97.0,N,AY Dandekar,S Ravi
2017-04-12,JJ Bumrah,Wankhede Stadium,0,Mumbai Indians,Sunrisers Hyderabad,Mumbai Indians,field,Mumbai Indians,wickets,4.0,N,Nitin Menon,CK Nandan
2017-04-13,SP Narine,Eden Gardens,0,Kolkata Knight Riders,Kings XI Punjab,Kolkata Knight Riders,field,Kolkata Knight Riders,wickets,8.0,N,A Deshmukh,NJ Llong
2017-04-14,KA Pollard,M Chinnaswamy Stadium,0,Royal Challengers Bangalore,Mumbai Indians,Mumbai Indians,field,Mumbai Indians,wickets,4.0,N,KN Ananthapadmanabhan,AK Chaudhary
2017-04-14,AJ Tye,Saurashtra Cricket Association Stadium,0,Gujarat Lions,Rising Pune Supergiant,Gujarat Lions,field,Gujarat Lions,wickets,7.0,N,A Nand Kishore,S Ravi
2017-04-15,RV Uthappa,Eden Gardens,0,Kolkata Knight Riders,Sunrisers Hyderabad,Sunrisers Hyderabad,field,Kolkata Knight Riders,runs,17.0,N,AY Dandekar,NJ Llong
2017-04-15,CJ Anderson,Feroz Shah Kotla,0,Delhi Daredevils,Kings XI Punjab,Delhi Daredevils,bat,Delhi Daredevils,runs,51.0,N,YC Barde,Nitin Menon
2017-04-16,N Rana,Wankhede Stadium,0,Mumbai Indians,Gujarat Lions,Mumbai Indians,field,Mumbai Indians,wickets,6.0,N,A Nand Kishore,S Ravi
2017-04-16,BA Stokes,M Chinnaswamy Stadium,0,Royal Challengers Bangalore,Rising Pune Supergiant,Royal Challengers Bangalore,field,Rising Pune Supergiant,runs,27.0,N,KN Ananthapadmanabhan,C Shamshuddin
2017-04-17,NM Coulter-Nile,Feroz Shah Kotla,0,Delhi Daredevils,Kolkata Knight Riders,Delhi Daredevils,bat,Kolkata Knight Riders,wickets,4.0,N,Nitin Menon,CK Nandan
2017-04-17,B Kumar,"Rajiv Gandhi International Stadium, Uppal",0,Sunrisers Hyderabad,Kings XI Punjab,Kings XI Punjab,field,Sunrisers Hyderabad,runs,5.0,N,AY Dandekar,A Deshmukh
2017-04-18,CH Gayle,Saurashtra Cricket Association Stadium,0,Gujarat Lions,Royal Challengers Bangalore,Gujarat Lions,field,Royal Challengers Bangalore,runs,21.0,N,S Ravi,VK Sharma
2017-04-19,KS Williamson,"Rajiv Gandhi International Stadium, Uppal",0,Sunrisers Hyderabad,Delhi Daredevils,Sunrisers Hyderabad,bat,Sunrisers Hyderabad,runs,15.0,N,CB Gaffaney,NJ Llong
2017-04-20,JC Buttler,Holkar Cricket Stadium,0,Kings XI Punjab,Mumbai Indians,Mumbai Indians,field,Mumbai Indians,wickets,8.0,N,M Erasmus,C Shamshuddin
2017-04-21,SK Raina,Eden Gardens,0,Kolkata Knight Riders,Gujarat Lions,Gujarat Lions,field,Gujarat Lions,wickets,4.0,N,CB Gaffaney,Nitin Menon
2017-04-22,MJ McClenaghan,Wankhede Stadium,0,Mumbai Indians,Delhi Daredevils,Delhi Daredevils,field,Mumbai Indians,runs,14.0,N,A Nand Kishore,S Ravi
2017-04-22,MS Dhoni,Maharashtra Cricket Association Stadium,0,Rising Pune Supergiant,Sunrisers Hyderabad,Rising Pune Supergiant,field,Rising Pune Supergiant,wickets,6.0,N,AY Dandekar,A Deshmukh
2017-04-23,HM Amla,Saurashtra Cricket Association Stadium,0,Gujarat Lions,Kings XI Punjab,Gujarat Lions,field,Kings XI Punjab,runs,26.0,N,AK Chaudhary,M Erasmus
2017-04-23,NM Coulter-Nile,Eden Gardens,0,Kolkata Knight Riders,Royal Challengers Bangalore,Royal Challengers Bangalore,field,Kolkata Knight Riders,runs,82.0,N,CB Gaffaney,CK Nandan
2017-04-24,BA Stokes,Wankhede Stadium,0,Mumbai Indians,Rising Pune Supergiant,Mumbai Indians,field,Rising Pune Supergiant,runs,3.0,N,A Nand Kishore,S Ravi
2017-04-26,RV Uthappa,Maharashtra Cricket Association Stadium,0,Rising Pune Supergiant,Kolkata Knight Riders,Kolkata Knight Riders,field,Kolkata Knight Riders,wickets,7.0,N,AY Dandekar,NJ Llong
2017-04-27,AJ Tye,M Chinnaswamy Stadium,0,Royal Challengers Bangalore,Gujarat Lions,Gujarat Lions,field,Gujarat Lions,wickets,7.0,N,AK Chaudhary,C Shamshuddin
2017-04-28,G Gambhir,Eden Gardens,0,Kolkata Knight Riders,Delhi Daredevils,Kolkata Knight Riders,field,Kolkata Knight Riders,wickets,7.0,N,NJ Llong,S Ravi
2017-04-28,Rashid Khan,"Punjab Cricket Association IS Bindra Stadium, Mohali",0,Kings XI Punjab,Sunrisers Hyderabad,Kings XI Punjab,field,Sunrisers Hyderabad,runs,26.0,N,Nitin Menon,CK Nandan
2017-04-29,LH Ferguson,Maharashtra Cricket Association Stadium,0,Rising Pune Supergiant,Royal Challengers Bangalore,Royal Challengers Bangalore,field,Rising Pune Supergiant,runs,61.0,N,KN Ananthapadmanabhan,M Erasmus
2017-04-29,KH Pandya,Saurashtra Cricket Association Stadium,0,Gujarat Lions,Mumbai Indians,Gujarat Lions,bat,Mumbai Indians,tie,,Y,AK Chaudhary,CB Gaffaney
2017-04-30,Sandeep Sharma,"Punjab Cricket Association IS Bindra Stadium, Mohali",0,Kings XI Punjab,Delhi Daredevils,Kings XI Punjab,field,Kings XI Punjab,wickets,10.0,N,YC Barde,CK Nandan
2017-04-30,DA Warner,"Rajiv Gandhi International Stadium, Uppal",0,Sunrisers Hyderabad,Kolkata Knight Riders,Kolkata Knight Riders,field,Sunrisers Hyderabad,runs,48.0,N,AY Dandekar,S Ravi
2017-05-01,RG Sharma,Wankhede Stadium,0,Mumbai Indians,Royal Challengers Bangalore,Royal Challengers Bangalore,bat,Mumbai Indians,wickets,5.0,N,AK Chaudhary,CB Gaffaney
2017-05-01,BA Stokes,Maharashtra Cricket Association Stadium,0,Rising Pune Supergiant,Gujarat Lions,Rising Pune Supergiant,field,Rising Pune Supergiant,wickets,5.0,N,M Erasmus,C Shamshuddin
2017-05-02,Mohammed Shami,Feroz Shah Kotla,0,Delhi Daredevils,Sunrisers Hyderabad,Delhi Daredevils,field,Delhi Daredevils,wickets,6.0,N,YC Barde,Nitin Menon
2017-05-03,RA Tripathi,Eden Gardens,0,Kolkata Knight Riders,Rising Pune Supergiant,Rising Pune Supergiant,field,Rising Pune Supergiant,wickets,4.0,N,KN Ananthapadmanabhan,A Nand Kishore
2017-05-04,RR Pant,Feroz Shah Kotla,0,Delhi Daredevils,Gujarat Lions,Delhi Daredevils,field,Delhi Daredevils,wickets,7.0,N,M Erasmus,Nitin Menon
2017-05-05,Sandeep Sharma,M Chinnaswamy Stadium,0,Royal Challengers Bangalore,Kings XI Punjab,Royal Challengers Bangalore,field,Kings XI Punjab,runs,19.0,N,CB Gaffaney,C Shamshuddin
2017-05-06,JD Unadkat,"Rajiv Gandhi International Stadium, Uppal",0,Sunrisers Hyderabad,Rising Pune Supergiant,Sunrisers Hyderabad,field,Rising Pune Supergiant,runs,12.0,N,KN Ananthapadmanabhan,AK Chaudhary
2017-05-06,LMP Simmons,Feroz Shah Kotla,0,Delhi Daredevils,Mumbai Indians,Delhi Daredevils,field,Mumbai Indians,runs,146.0,N,Nitin Menon,CK Nandan
2017-05-07,SP Narine,M Chinnaswamy Stadium,0,Royal Challengers Bangalore,Kolkata Knight Riders,Kolkata Knight Riders,field,Kolkata Knight Riders,wickets,6.0,N,AY Dandekar,C Shamshuddin
2017-05-07,DR Smith,"Punjab Cricket Association IS Bindra Stadium, Mohali",0,Kings XI Punjab,Gujarat Lions,Gujarat Lions,field,Gujarat Lions,wickets,6.0,N,A Nand Kishore,VK Sharma
2017-05-08,S Dhawan,"Rajiv Gandhi International Stadium, Uppal",0,Sunrisers Hyderabad,Mumbai Indians,Mumbai Indians,bat,Sunrisers Hyderabad,wickets,7.0,N,KN Ananthapadmanabhan,M Erasmus
2017-05-09,MM Sharma,"Punjab Cricket Association IS Bindra Stadium, Mohali",0,Kings XI Punjab,Kolkata Knight Riders,Kolkata Knight Riders,field,Kings XI Punjab,runs,14.0,N,A Nand Kishore,S Ravi
2017-05-10,SS Iyer,Green Park,0,Gujarat Lions,Delhi Daredevils,Delhi Daredevils,field,Delhi Daredevils,wickets,2.0,N,YC Barde,AK Chaudhary
2017-05-11,WP Saha,Wankhede Stadium,0,Mumbai Indians,Kings XI Punjab,Mumbai Indians,field,Kings XI Punjab,runs,7.0,N,A Deshmukh,A Nand Kishore
2017-05-12,KK Nair,Feroz Shah Kotla,0,Delhi Daredevils,Rising Pune Supergiant,Delhi Daredevils,bat,Delhi Daredevils,runs,7.0,N,KN Ananthapadmanabhan,CK Nandan
2017-05-13,Mohammed Siraj,Green Park,0,Gujarat Lions,Sunrisers Hyderabad,Sunrisers Hyderabad,field,Sunrisers Hyderabad,wickets,8.0,N,AK Chaudhary,Nitin Menon
2017-05-13,AT Rayudu,Eden Gardens,0,Kolkata Knight Riders,Mumbai Indians,Kolkata Knight Riders,field,Mumbai Indians,runs,9.0,N,A Nand Kishore,S Ravi
2017-05-14,JD Unadkat,Maharashtra Cricket Association Stadium,0,Rising Pune Supergiant,Kings XI Punjab,Rising Pune Supergiant,field,Rising Pune Supergiant,wickets,9.0,N,AY Dandekar,A Deshmukh
2017-05-14,HV Patel,Feroz Shah Kotla,0,Delhi Daredevils,Royal Challengers Bangalore,Royal Challengers Bangalore,bat,Royal Challengers Bangalore,runs,10.0,N,CK Nandan,C Shamshuddin
2017-05-16,Washington Sundar,Wankhede Stadium,0,Mumbai Indians,Rising Pune Supergiant,Mumbai Indians,field,Rising Pune Supergiant,runs,20.0,N,S Ravi,C Shamshuddin
2017-05-17,NM Coulter-Nile,M Chinnaswamy Stadium,0,Sunrisers Hyderabad,Kolkata Knight Riders,Kolkata Knight Riders,field,Kolkata Knight Riders,wickets,7.0,N,AK Chaudhary,Nitin Menon
2017-05-19,KV Sharma,M Chinnaswamy Stadium,0,Mumbai Indians,Kolkata Knight Riders,Mumbai Indians,field,Mumbai Indians,wickets,6.0,N,NJ Llong,Nitin Menon
2017-05-21,KH Pandya,"Rajiv Gandhi International Stadium, Uppal",0,Mumbai Indians,Rising Pune Supergiant,Mumbai Indians,bat,Mumbai Indians,runs,1.0,N,NJ Llong,S Ravi
2018-04-07,DJ Bravo,Wankhede Stadium,0,Mumbai Indians,Chennai Super Kings,Chennai Super Kings,field,Chennai Super Kings,wickets,1.0,N,CB Gaffaney,A Nand Kishore
2018-04-08,KL Rahul,"Punjab Cricket Association IS Bindra Stadium, Mohali",0,Kings XI Punjab,Delhi Daredevils,Kings XI Punjab,field,Kings XI Punjab,wickets,6.0,N,KN Ananthapadmanabhan,RJ Tucker
2018-04-08,SP Narine,Eden Gardens,0,Kolkata Knight Riders,Royal Challengers Bangalore,Kolkata Knight Riders,field,Kolkata Knight Riders,wickets,4.0,N,C Shamshuddin,A Deshmukh
2018-04-09,S Dhawan,"Rajiv Gandhi International Stadium, Uppal",0,Sunrisers Hyderabad,Rajasthan Royals,Sunrisers Hyderabad,field,Sunrisers Hyderabad,wickets,9.0,N,VA Kulkarni,NJ Llong
2018-04-10,SW Billings,"MA Chidambaram Stadium, Chepauk",0,Chennai Super Kings,Kolkata Knight Riders,Chennai Super Kings,field,Chennai Super Kings,wickets,5.0,N,CB Gaffaney,AK Chaudhary
2018-04-11,SV Samson,Sawai Mansingh Stadium,0,Rajasthan Royals,Delhi Daredevils,Delhi Daredevils,field,Rajasthan Royals,runs,10.0,N,KN Ananthapadmanabhan,Nitin Menon
2018-04-12,Rashid Khan,"Rajiv Gandhi International Stadium, Uppal",0,Sunrisers Hyderabad,Mumbai Indians,Sunrisers Hyderabad,field,Sunrisers Hyderabad,wickets,1.0,N,NJ Llong,CK Nandan
2018-04-13,UT Yadav,M.Chinnaswamy Stadium,0,Royal Challengers Bangalore,Kings XI Punjab,Royal Challengers Bangalore,field,Royal Challengers Bangalore,wickets,4.0,N,A Deshmukh,S Ravi
2018-04-14,JJ Roy,Wankhede Stadium,0,Mumbai Indians,Delhi Daredevils,Delhi Daredevils,field,Delhi Daredevils,wickets,7.0,N,KN Ananthapadmanabhan,Nitin Menon
2018-04-14,B Stanlake,Eden Gardens,0,Kolkata Knight Riders,Sunrisers Hyderabad,Sunrisers Hyderabad,field,Sunrisers Hyderabad,wickets,5.0,N,AK Chaudhary,A Nand Kishore
2018-04-15,SV Samson,M.Chinnaswamy Stadium,0,Royal Challengers Bangalore,Rajasthan Royals,Royal Challengers Bangalore,field,Rajasthan Royals,runs,19.0,N,C Shamshuddin,S Ravi
2018-04-15,CH Gayle,"Punjab Cricket Association IS Bindra Stadium, Mohali",0,Kings XI Punjab,Chennai Super Kings,Chennai Super Kings,field,Kings XI Punjab,runs,4.0,N,VA Kulkarni,CK Nandan
2018-04-16,N Rana,Eden Gardens,0,Kolkata Knight Riders,Delhi Daredevils,Delhi Daredevils,field,Kolkata Knight Riders,runs,71.0,N,AK Chaudhary,A Nand Kishore
2018-04-17,RG Sharma,Wankhede Stadium,0,Mumbai Indians,Royal Challengers Bangalore,Royal Challengers Bangalore,field,Mumbai Indians,runs,46.0,N,RJ Tucker,Nitin Menon
2018-04-18,N Rana,Sawai Mansingh Stadium,0,Rajasthan Royals,Kolkata Knight Riders,Kolkata Knight Riders,field,Kolkata Knight Riders,wickets,7.0,N,A Deshmukh,S Ravi
2018-04-19,CH Gayle,"Punjab Cricket Association IS Bindra Stadium, Mohali",0,Kings XI Punjab,Sunrisers Hyderabad,Kings XI Punjab,bat,Kings XI Punjab,runs,15.0,N,NJ Llong,AK Chaudhary
2018-04-20,SR Watson,Maharashtra Cricket Association Stadium,0,Chennai Super Kings,Rajasthan Royals,Rajasthan Royals,field,Chennai Super Kings,runs,64.0,N,KN Ananthapadmanabhan,Nitin Menon
2018-04-21,KL Rahul,Eden Gardens,0,Kolkata Knight Riders,Kings XI Punjab,Kings XI Punjab,field,Kings XI Punjab,wickets,9.0,N,C Shamshuddin,A Deshmukh
2018-04-21,AB de Villiers,M.Chinnaswamy Stadium,0,Royal Challengers Bangalore,Delhi Daredevils,Royal Challengers Bangalore,field,Royal Challengers Bangalore,wickets,6.0,N,CB Gaffaney,CK Nandan
2018-04-22,AT Rayudu,"Rajiv Gandhi International Stadium, Uppal",0,Sunrisers Hyderabad,Chennai Super Kings,Sunrisers Hyderabad,field,Chennai Super Kings,runs,4.0,N,VA Kulkarni,AK Chaudhary
2018-04-22,JC Archer,Sawai Mansingh Stadium,0,Rajasthan Royals,Mumbai Indians,Mumbai Indians,bat,Rajasthan Royals,wickets,3.0,N,KN Ananthapadmanabhan,RJ Tucker
2018-04-23,AS Rajpoot,Feroz Shah Kotla,0,Delhi Daredevils,Kings XI Punjab,Delhi Daredevils,field,Kings XI Punjab,runs,4.0,N,A Nand Kishore,CK Nandan
2018-04-24,Rashid Khan,Wankhede Stadium,0,Mumbai Indians,Sunrisers Hyderabad,Mumbai Indians,field,Sunrisers Hyderabad,runs,31.0,N,C Shamshuddin,S Ravi
2018-04-25,MS Dhoni,M.Chinnaswamy Stadium,0,Royal Challengers Bangalore,Chennai Super Kings,Chennai Super Kings,field,Chennai Super Kings,wickets,5.0,N,NJ Llong,VK Sharma
2018-04-26,AS Rajpoot,"Rajiv Gandhi International Stadium, Uppal",0,Sunrisers Hyderabad,Kings XI Punjab,Kings XI Punjab,field,Sunrisers Hyderabad,runs,13.0,N,YC Barde,CK Nandan
2018-04-27,SS Iyer,Feroz Shah Kotla,0,Delhi Daredevils,Kolkata Knight Riders,Kolkata Knight Riders,field,Delhi Daredevils,runs,55.0,N,C Shamshuddin,S Ravi
2018-04-28,RG Sharma,Maharashtra Cricket Association Stadium,0,Chennai Super Kings,Mumbai Indians,Mumbai Indians,field,Mumbai Indians,wickets,8.0,N,CB Gaffaney,Nitin Menon
2018-04-29,KS Williamson,Sawai Mansingh Stadium,0,Rajasthan Royals,Sunrisers Hyderabad,Sunrisers Hyderabad,bat,Sunrisers Hyderabad,runs,11.0,N,BNJ Oxenford,A Nand Kishore
2018-04-29,CA Lynn,M.Chinnaswamy Stadium,0,Royal Challengers Bangalore,Kolkata Knight Riders,Kolkata Knight Riders,field,Kolkata Knight Riders,wickets,6.0,N,NJ Llong,AK Chaudhary
2018-04-30,SR Watson,Maharashtra Cricket Association Stadium,0,Chennai Super Kings,Delhi Daredevils,Delhi Daredevils,field,Chennai Super Kings,runs,13.0,N,AY Dandekar,C Shamshuddin
2018-05-01,TG Southee,M.Chinnaswamy Stadium,0,Royal Challengers Bangalore,Mumbai Indians,Mumbai Indians,field,Royal Challengers Bangalore,runs,14.0,N,M Erasmus,Nitin Menon
2018-05-02,RR Pant,Feroz Shah Kotla,0,Delhi Daredevils,Rajasthan Royals,Rajasthan Royals,field,Delhi Daredevils,runs,4.0,N,VK Sharma,CK Nandan
2018-05-03,SP Narine,Eden Gardens,0,Kolkata Knight Riders,Chennai Super Kings,Kolkata Knight Riders,field,Kolkata Knight Riders,wickets,6.0,N,HDPK Dharmasena,A Deshmukh
2018-05-04,SA Yadav,Holkar Cricket Stadium,0,Kings XI Punjab,Mumbai Indians,Mumbai Indians,field,Mumbai Indians,wickets,6.0,N,AY Dandekar,S Ravi
2018-05-05,RA Jadeja,Maharashtra Cricket Association Stadium,0,Chennai Super Kings,Royal Challengers Bangalore,Chennai Super Kings,field,Chennai Super Kings,wickets,6.0,N,Nitin Menon,YC Barde
2018-05-05,Rashid Khan,"Rajiv Gandhi International Stadium, Uppal",0,Sunrisers Hyderabad,Delhi Daredevils,Delhi Daredevils,bat,Sunrisers Hyderabad,wickets,7.0,N,BNJ Oxenford,CK Nandan
2018-05-06,HH Pandya,Wankhede Stadium,0,Mumbai Indians,Kolkata Knight Riders,Kolkata Knight Riders,field,Mumbai Indians,runs,13.0,N,HDPK Dharmasena,A Deshmukh
2018-05-06,Mujeeb Ur Rahman,Holkar Cricket Stadium,0,Kings XI Punjab,Rajasthan Royals,Kings XI Punjab,field,Kings XI Punjab,wickets,6.0,N,C Shamshuddin,S Ravi
2018-05-07,KS Williamson,"Rajiv Gandhi International Stadium, Uppal",0,Sunrisers Hyderabad,Royal Challengers Bangalore,Royal Challengers Bangalore,field,Sunrisers Hyderabad,runs,5.0,N,BNJ Oxenford,VK Sharma
2018-05-08,JC Buttler,Sawai Mansingh Stadium,0,Rajasthan Royals,Kings XI Punjab,Rajasthan Royals,bat,Rajasthan Royals,runs,15.0,N,M Erasmus,Nitin Menon
2018-05-09,Ishan Kishan,Eden Gardens,0,Kolkata Knight Riders,Mumbai Indians,Kolkata Knight Riders,field,Mumbai Indians,runs,102.0,N,KN Ananthapadmanabhan,AK Chaudhary
2018-05-10,S Dhawan,Feroz Shah Kotla,0,Delhi Daredevils,Sunrisers Hyderabad,Delhi Daredevils,bat,Sunrisers Hyderabad,wickets,9.0,N,AY Dandekar,C Shamshuddin
2018-05-11,JC Buttler,Sawai Mansingh Stadium,0,Rajasthan Royals,Chennai Super Kings,Chennai Super Kings,bat,Rajasthan Royals,wickets,4.0,N,M Erasmus,YC Barde
2018-05-12,SP Narine,Holkar Cricket Stadium,0,Kings XI Punjab,Kolkata Knight Riders,Kings XI Punjab,field,Kolkata Knight Riders,runs,31.0,N,VK Sharma,CK Nandan
2018-05-12,AB de Villiers,Feroz Shah Kotla,0,Delhi Daredevils,Royal Challengers Bangalore,Royal Challengers Bangalore,field,Royal Challengers Bangalore,wickets,5.0,N,KN Ananthapadmanabhan,HDPK Dharmasena
2018-05-13,AT Rayudu,Maharashtra Cricket Association Stadium,0,Chennai Super Kings,Sunrisers Hyderabad,Chennai Super Kings,field,Chennai Super Kings,wickets,8.0,N,M Erasmus,YC Barde
2018-05-13,JC Buttler,Wankhede Stadium,0,Mumbai Indians,Rajasthan Royals,Rajasthan Royals,field,Rajasthan Royals,wickets,7.0,N,Nitin Menon,S Ravi
2018-05-14,UT Yadav,Holkar Cricket Stadium,0,Kings XI Punjab,Royal Challengers Bangalore,Royal Challengers Bangalore,field,Royal Challengers Bangalore,wickets,10.0,N,BNJ Oxenford,VK Sharma
2018-05-15,Kuldeep Yadav,Eden Gardens,0,Kolkata Knight Riders,Rajasthan Royals,Kolkata Knight Riders,field,Kolkata Knight Riders,wickets,6.0,N,HDPK Dharmasena,AK Chaudhary
2018-05-16,JJ Bumrah,Wankhede Stadium,0,Mumbai Indians,Kings XI Punjab,Kings XI Punjab,field,Mumbai Indians,runs,3.0,N,M Erasmus,Nitin Menon
2018-05-17,AB de Villiers,M.Chinnaswamy Stadium,0,Royal Challengers Bangalore,Sunrisers Hyderabad,Sunrisers Hyderabad,field,Royal Challengers Bangalore,runs,14.0,N,AY Dandekar,S Ravi
2018-05-18,HV Patel,Feroz Shah Kotla,0,Delhi Daredevils,Chennai Super Kings,Chennai Super Kings,field,Delhi Daredevils,runs,34.0,N,VA Kulkarni,HDPK Dharmasena
2018-05-19,S Gopal,Sawai Mansingh Stadium,0,Rajasthan Royals,Royal Challengers Bangalore,Rajasthan Royals,bat,Rajasthan Royals,runs,30.0,N,BNJ Oxenford,VK Sharma
2018-05-19,CA Lynn,"Rajiv Gandhi International Stadium, Uppal",0,Sunrisers Hyderabad,Kolkata Knight Riders,Sunrisers Hyderabad,bat,Kolkata Knight Riders,wickets,5.0,N,AK Chaudhary,S Ravi
2018-05-20,A Mishra,Feroz Shah Kotla,0,Delhi Daredevils,Mumbai Indians,Delhi Daredevils,bat,Delhi Daredevils,runs,11.0,N,HDPK Dharmasena,CK Nandan
2018-05-20,L Ngidi,Maharashtra Cricket Association Stadium,0,Chennai Super Kings,Kings XI Punjab,Chennai Super Kings,field,Chennai Super Kings,wickets,5.0,N,Nitin Menon,YC Barde
2018-05-22,F du Plessis,Wankhede Stadium,0,Sunrisers Hyderabad,Chennai Super Kings,Chennai Super Kings,field,Chennai Super Kings,wickets,2.0,N,C Shamshuddin,M Erasmus
2018-05-23,AD Russell,Eden Gardens,0,Kolkata Knight Riders,Rajasthan Royals,Rajasthan Royals,field,Kolkata Knight Riders,runs,25.0,N,AK Chaudhary,Nitin Menon
2018-05-25,Rashid Khan,Eden Gardens,0,Kolkata Knight Riders,Sunrisers Hyderabad,Kolkata Knight Riders,field,Sunrisers Hyderabad,runs,14.0,N,HDPK Dharmasena,Nitin Menon
2018-05-27,SR Watson,Wankhede Stadium,0,Chennai Super Kings,Sunrisers Hyderabad,Chennai Super Kings,field,Chennai Super Kings,wickets,8.0,N,M Erasmus,S Ravi
2019-03-23,Harbhajan Singh,"MA Chidambaram Stadium, Chepauk",0,Chennai Super Kings,Royal Challengers Bangalore,Chennai Super Kings,field,Chennai Super Kings,wickets,7.0,N,AY Dandekar,BNJ Oxenford
2019-03-24,AD Russell,Eden Gardens,0,Kolkata Knight Riders,Sunrisers Hyderabad,Kolkata Knight Riders,field,Kolkata Knight Riders,wickets,6.0,N,CB Gaffaney,AK Chaudhary
2019-03-24,RR Pant,Wankhede Stadium,0,Mumbai Indians,Delhi Capitals,Mumbai Indians,field,Delhi Capitals,runs,37.0,N,YC Barde,S Ravi
2019-03-25,CH Gayle,Sawai Mansingh Stadium,0,Rajasthan Royals,Kings XI Punjab,Rajasthan Royals,field,Kings XI Punjab,runs,14.0,N,KN Ananthapadmanabhan,C Shamshuddin
2019-03-26,SR Watson,Feroz Shah Kotla,0,Delhi Capitals,Chennai Super Kings,Delhi Capitals,bat,Chennai Super Kings,wickets,6.0,N,M Erasmus,Nitin Menon
2019-03-27,AD Russell,Eden Gardens,0,Kolkata Knight Riders,Kings XI Punjab,Kings XI Punjab,field,Kolkata Knight Riders,runs,28.0,N,VA Kulkarni,AK Chaudhary
2019-03-28,JJ Bumrah,M.Chinnaswamy Stadium,0,Royal Challengers Bangalore,Mumbai Indians,Royal Challengers Bangalore,field,Mumbai Indians,runs,6.0,N,CK Nandan,S Ravi
2019-03-29,Rashid Khan,"Rajiv Gandhi International Stadium, Uppal",0,Sunrisers Hyderabad,Rajasthan Royals,Rajasthan Royals,bat,Sunrisers Hyderabad,wickets,5.0,N,C Shamshuddin,BNJ Oxenford
2019-03-30,MA Agarwal,"Punjab Cricket Association IS Bindra Stadium, Mohali",0,Kings XI Punjab,Mumbai Indians,Kings XI Punjab,field,Kings XI Punjab,wickets,8.0,N,VA Kulkarni,CB Gaffaney
2019-03-30,PP Shaw,Feroz Shah Kotla,0,Delhi Capitals,Kolkata Knight Riders,Delhi Capitals,field,Delhi Capitals,tie,,Y,AY Dandekar,Nitin Menon
2019-03-31,JM Bairstow,"Rajiv Gandhi International Stadium, Uppal",0,Sunrisers Hyderabad,Royal Challengers Bangalore,Royal Challengers Bangalore,field,Sunrisers Hyderabad,runs,118.0,N,KN Ananthapadmanabhan,S Ravi
2019-03-31,MS Dhoni,"MA Chidambaram Stadium, Chepauk",0,Chennai Super Kings,Rajasthan Royals,Rajasthan Royals,field,Chennai Super Kings,runs,8.0,N,YC Barde,CK Nandan
2019-04-01,SM Curran,"Punjab Cricket Association IS Bindra Stadium, Mohali",0,Kings XI Punjab,Delhi Capitals,Delhi Capitals,field,Kings XI Punjab,runs,14.0,N,CB Gaffaney,AK Chaudhary
2019-04-02,S Gopal,Sawai Mansingh Stadium,0,Rajasthan Royals,Royal Challengers Bangalore,Rajasthan Royals,field,Rajasthan Royals,wickets,7.0,N,AY Dandekar,M Erasmus
2019-04-03,HH Pandya,Wankhede Stadium,0,Mumbai Indians,Chennai Super Kings,Chennai Super Kings,field,Mumbai Indians,runs,37.0,N,RJ Tucker,BNJ Oxenford
2019-04-04,JM Bairstow,Feroz Shah Kotla,0,Delhi Capitals,Sunrisers Hyderabad,Sunrisers Hyderabad,field,Sunrisers Hyderabad,wickets,5.0,N,KN Ananthapadmanabhan,C Shamshuddin
2019-04-05,AD Russell,M.Chinnaswamy Stadium,0,Royal Challengers Bangalore,Kolkata Knight Riders,Kolkata Knight Riders,field,Kolkata Knight Riders,wickets,5.0,N,CB Gaffaney,AK Chaudhary
2019-04-06,Harbhajan Singh,"MA Chidambaram Stadium, Chepauk",0,Chennai Super Kings,Kings XI Punjab,Chennai Super Kings,bat,Chennai Super Kings,runs,22.0,N,KN Ananthapadmanabhan,RJ Tucker
2019-04-06,AS Joseph,"Rajiv Gandhi International Stadium, Uppal",0,Sunrisers Hyderabad,Mumbai Indians,Sunrisers Hyderabad,field,Mumbai Indians,runs,40.0,N,AY Dandekar,Nitin Menon
2019-04-07,K Rabada,M.Chinnaswamy Stadium,0,Royal Challengers Bangalore,Delhi Capitals,Delhi Capitals,field,Delhi Capitals,wickets,4.0,N,YC Barde,S Ravi
2019-04-07,HF Gurney,Sawai Mansingh Stadium,0,Rajasthan Royals,Kolkata Knight Riders,Kolkata Knight Riders,field,Kolkata Knight Riders,wickets,8.0,N,CB Gaffaney,AK Chaudhary
2019-04-08,KL Rahul,"Punjab Cricket Association IS Bindra Stadium, Mohali",0,Kings XI Punjab,Sunrisers Hyderabad,Kings XI Punjab,field,Kings XI Punjab,wickets,6.0,N,AY Dandekar,M Erasmus
2019-04-09,DL Chahar,"MA Chidambaram Stadium, Chepauk",0,Chennai Super Kings,Kolkata Knight Riders,Chennai Super Kings,field,Chennai Super Kings,wickets,7.0,N,RJ Tucker,C Shamshuddin
2019-04-10,KA Pollard,Wankhede Stadium,0,Mumbai Indians,Kings XI Punjab,Mumbai Indians,field,Mumbai Indians,wickets,3.0,N,YC Barde,S Ravi
2019-04-11,MS Dhoni,Sawai Mansingh Stadium,0,Rajasthan Royals,Chennai Super Kings,Chennai Super Kings,field,Chennai Super Kings,wickets,4.0,N,UV Gandhe,BNJ Oxenford
2019-04-12,S Dhawan,Eden Gardens,0,Kolkata Knight Riders,Delhi Capitals,Delhi Capitals,field,Delhi Capitals,wickets,7.0,N,YC Barde,CK Nandan
2019-04-13,JC Buttler,Wankhede Stadium,0,Mumbai Indians,Rajasthan Royals,Rajasthan Royals,field,Rajasthan Royals,wickets,4.0,N,Nitin Menon,A Nand Kishore
2019-04-13,AB de Villiers,"Punjab Cricket Association IS Bindra Stadium, Mohali",0,Kings XI Punjab,Royal Challengers Bangalore,Royal Challengers Bangalore,field,Royal Challengers Bangalore,wickets,8.0,N,UV Gandhe,S Ravi
2019-04-14,Imran Tahir,Eden Gardens,0,Kolkata Knight Riders,Chennai Super Kings,Chennai Super Kings,field,Chennai Super Kings,wickets,5.0,N,RJ Tucker,CK Nandan
2019-04-14,KMA Paul,"Rajiv Gandhi International Stadium, Uppal",0,Sunrisers Hyderabad,Delhi Capitals,Sunrisers Hyderabad,field,Delhi Capitals,runs,39.0,N,BNJ Oxenford,AK Chaudhary
2019-04-15,SL Malinga,Wankhede Stadium,0,Mumbai Indians,Royal Challengers Bangalore,Mumbai Indians,field,Mumbai Indians,wickets,5.0,N,M Erasmus,Nitin Menon
2019-04-16,R Ashwin,"Punjab Cricket Association IS Bindra Stadium, Mohali",0,Kings XI Punjab,Rajasthan Royals,Rajasthan Royals,field,Kings XI Punjab,runs,12.0,N,VA Kulkarni,AK Chaudhary
2019-04-17,DA Warner,"Rajiv Gandhi International Stadium, Uppal",0,Sunrisers Hyderabad,Chennai Super Kings,Chennai Super Kings,bat,Sunrisers Hyderabad,wickets,6.0,N,UV Gandhe,IJ Gould
2019-04-18,HH Pandya,Feroz Shah Kotla,0,Delhi Capitals,Mumbai Indians,Mumbai Indians,bat,Mumbai Indians,runs,40.0,N,BNJ Oxenford,NJ Llong
2019-04-19,V Kohli,Eden Gardens,0,Kolkata Knight Riders,Royal Challengers Bangalore,Kolkata Knight Riders,field,Royal Challengers Bangalore,runs,10.0,N,IJ Gould,Nitin Menon
2019-04-20,SPD Smith,Sawai Mansingh Stadium,0,Rajasthan Royals,Mumbai Indians,Rajasthan Royals,field,Rajasthan Royals,wickets,5.0,N,YC Barde,S Ravi
2019-04-20,SS Iyer,Feroz Shah Kotla,0,Delhi Capitals,Kings XI Punjab,Delhi Capitals,field,Delhi Capitals,wickets,5.0,N,UV Gandhe,C Shamshuddin
2019-04-21,KK Ahmed,"Rajiv Gandhi International Stadium, Uppal",0,Sunrisers Hyderabad,Kolkata Knight Riders,Sunrisers Hyderabad,field,Sunrisers Hyderabad,wickets,9.0,N,NJ Llong,Nitin Menon
2019-04-21,PA Patel,M.Chinnaswamy Stadium,0,Royal Challengers Bangalore,Chennai Super Kings,Chennai Super Kings,field,Royal Challengers Bangalore,runs,1.0,N,RJ Tucker,VA Kulkarni
2019-04-22,RR Pant,Sawai Mansingh Stadium,0,Rajasthan Royals,Delhi Capitals,Delhi Capitals,field,Delhi Capitals,wickets,6.0,N,A Nand Kishore,S Ravi
2019-04-23,SR Watson,"MA Chidambaram Stadium, Chepauk",0,Chennai Super Kings,Sunrisers Hyderabad,Chennai Super Kings,field,Chennai Super Kings,wickets,6.0,N,NJ Llong,AK Chaudhary
2019-04-24,AB de Villiers,M.Chinnaswamy Stadium,0,Royal Challengers Bangalore,Kings XI Punjab,Kings XI Punjab,field,Royal Challengers Bangalore,runs,17.0,N,C Shamshuddin,BNJ Oxenford
2019-04-25,VR Aaron,Eden Gardens,0,Kolkata Knight Riders,Rajasthan Royals,Rajasthan Royals,field,Rajasthan Royals,wickets,3.0,N,AY Dandekar,IJ Gould
2019-04-26,RG Sharma,"MA Chidambaram Stadium, Chepauk",0,Chennai Super Kings,Mumbai Indians,Chennai Super Kings,field,Mumbai Indians,runs,46.0,N,NJ Llong,AK Chaudhary
2019-04-27,JD Unadkat,Sawai Mansingh Stadium,0,Rajasthan Royals,Sunrisers Hyderabad,Rajasthan Royals,field,Rajasthan Royals,wickets,7.0,N,YC Barde,A Nand Kishore
2019-04-28,S Dhawan,Feroz Shah Kotla,0,Delhi Capitals,Royal Challengers Bangalore,Delhi Capitals,bat,Delhi Capitals,runs,16.0,N,KN Ananthapadmanabhan,BNJ Oxenford
2019-04-28,AD Russell,Eden Gardens,0,Kolkata Knight Riders,Mumbai Indians,Mumbai Indians,field,Kolkata Knight Riders,runs,34.0,N,IJ Gould,Nitin Menon
2019-04-29,DA Warner,"Rajiv Gandhi International Stadium, Uppal",0,Sunrisers Hyderabad,Kings XI Punjab,Kings XI Punjab,field,Sunrisers Hyderabad,runs,45.0,N,CK Nandan,S Ravi
2019-04-30,,M.Chinnaswamy Stadium,0,Royal Challengers Bangalore,Rajasthan Royals,Rajasthan Royals,field,,,,,UV Gandhe,NJ Llong
2019-05-01,MS Dhoni,"MA Chidambaram Stadium, Chepauk",0,Chennai Super Kings,Delhi Capitals,Delhi Capitals,field,Chennai Super Kings,runs,80.0,N,AY Dandekar,Nitin Menon
2019-05-02,JJ Bumrah,Wankhede Stadium,0,Mumbai Indians,Sunrisers Hyderabad,Mumbai Indians,bat,Mumbai Indians,tie,,Y,CK Nandan,S Ravi
2019-05-03,Shubman Gill,"Punjab Cricket Association IS Bindra Stadium, Mohali",0,Kings XI Punjab,Kolkata Knight Riders,Kolkata Knight Riders,field,Kolkata Knight Riders,wickets,7.0,N,C Shamshuddin,BNJ Oxenford
2019-05-04,A Mishra,Feroz Shah Kotla,0,Delhi Capitals,Rajasthan Royals,Rajasthan Royals,bat,Delhi Capitals,wickets,5.0,N,AY Dandekar,IJ Gould
2019-05-04,SO Hetmyer,M.Chinnaswamy Stadium,0,Royal Challengers Bangalore,Sunrisers Hyderabad,Royal Challengers Bangalore,field,Royal Challengers Bangalore,wickets,4.0,N,NJ Llong,AK Chaudhary
2019-05-05,KL Rahul,"Punjab Cricket Association IS Bindra Stadium, Mohali",0,Kings XI Punjab,Chennai Super Kings,Kings XI Punjab,field,Kings XI Punjab,wickets,6.0,N,KN Ananthapadmanabhan,C Shamshuddin
2019-05-05,HH Pandya,Wankhede Stadium,0,Mumbai Indians,Kolkata Knight Riders,Mumbai Indians,field,Mumbai Indians,wickets,9.0,N,A Nand Kishore,CK Nandan
2019-05-07,SA Yadav,"MA Chidambaram Stadium, Chepauk",0,Mumbai Indians,Chennai Super Kings,Chennai Super Kings,bat,Mumbai Indians,wickets,6.0,N,NJ Llong,Nitin Menon
2019-05-08,RR Pant,Dr. Y.S. Rajasekhara Reddy ACA-VDCA Cricket Stadium,0,Delhi Capitals,Sunrisers Hyderabad,Delhi Capitals,field,Delhi Capitals,wickets,2.0,N,BNJ Oxenford,S Ravi
2019-05-10,F du Plessis,Dr. Y.S. Rajasekhara Reddy ACA-VDCA Cricket Stadium,0,Chennai Super Kings,Delhi Capitals,Chennai Super Kings,field,Chennai Super Kings,wickets,6.0,N,BNJ Oxenford,S Ravi
2019-05-12,JJ Bumrah,"Rajiv Gandhi International Stadium, Uppal",0,Mumbai Indians,Chennai Super Kings,Mumbai Indians,bat,Mumbai Indians,runs,1.0,N,IJ Gould,Nitin Menon
2020-09-19,AT Rayudu,Sheikh Zayed Stadium,0,Mumbai Indians,Chennai Super Kings,Chennai Super Kings,field,Chennai Super Kings,wickets,5.0,N,CB Gaffaney,VK Sharma
2020-09-20,MP Stoinis,Dubai International Cricket Stadium,0,Delhi Capitals,Kings XI Punjab,Kings XI Punjab,field,Delhi Capitals,tie,,Y,AK Chaudhary,Nitin Menon
2020-10-21,Mohammed Siraj,Sheikh Zayed Stadium,0,Kolkata Knight Riders,Royal Challengers Bangalore,Kolkata Knight Riders,bat,Royal Challengers Bangalore,wickets,8.0,N,VK Sharma,S Ravi
2020-11-03,S Nadeem,Sharjah Cricket Stadium,0,Mumbai Indians,Sunrisers Hyderabad,Sunrisers Hyderabad,field,Sunrisers Hyderabad,wickets,10.0,N,C Shamshuddin,RK Illingworth
2020-09-22,SV Samson,Sharjah Cricket Stadium,0,Rajasthan Royals,Chennai Super Kings,Chennai Super Kings,field,Rajasthan Royals,runs,16.0,N,C Shamshuddin,VA Kulkarni
2020-10-24,CV Varun,Sheikh Zayed Stadium,0,Kolkata Knight Riders,Delhi Capitals,Delhi Capitals,field,Kolkata Knight Riders,runs,59.0,N,CB Gaffaney,PG Pathak
2020-10-24,CJ Jordan,Dubai International Cricket Stadium,0,Kings XI Punjab,Sunrisers Hyderabad,Sunrisers Hyderabad,field,Kings XI Punjab,runs,12.0,N,AY Dandekar,PR Reiffel
2020-10-28,SA Yadav,Sheikh Zayed Stadium,0,Royal Challengers Bangalore,Mumbai Indians,Mumbai Indians,field,Mumbai Indians,wickets,5.0,N,UV Gandhe,CB Gaffaney
2020-10-09,R Ashwin,Sharjah Cricket Stadium,0,Delhi Capitals,Rajasthan Royals,Rajasthan Royals,field,Delhi Capitals,runs,46.0,N,KN Ananthapadmanabhan,C Shamshuddin
2020-10-07,RA Tripathi,Sheikh Zayed Stadium,0,Kolkata Knight Riders,Chennai Super Kings,Kolkata Knight Riders,bat,Kolkata Knight Riders,runs,10.0,N,KN Ananthapadmanabhan,RK Illingworth
2020-10-31,Sandeep Sharma,Sharjah Cricket Stadium,0,Royal Challengers Bangalore,Sunrisers Hyderabad,Sunrisers Hyderabad,field,Sunrisers Hyderabad,wickets,5.0,N,KN Ananthapadmanabhan,K Srinivasan
2020-10-01,KA Pollard,Sheikh Zayed Stadium,0,Mumbai Indians,Kings XI Punjab,Kings XI Punjab,field,Mumbai Indians,runs,48.0,N,VK Sharma,S Ravi
2020-09-30,Shivam Mavi,Dubai International Cricket Stadium,0,Kolkata Knight Riders,Rajasthan Royals,Rajasthan Royals,field,Kolkata Knight Riders,runs,37.0,N,KN Ananthapadmanabhan,C Shamshuddin
2020-11-02,A Nortje,Sheikh Zayed Stadium,0,Royal Challengers Bangalore,Delhi Capitals,Delhi Capitals,field,Delhi Capitals,wickets,6.0,N,CB Gaffaney,S Ravi
2020-11-01,RD Gaikwad,Sheikh Zayed Stadium,0,Kings XI Punjab,Chennai Super Kings,Chennai Super Kings,field,Chennai Super Kings,wickets,9.0,N,PG Pathak,VK Sharma
2020-10-11,R Tewatia,Dubai International Cricket Stadium,0,Sunrisers Hyderabad,Rajasthan Royals,Sunrisers Hyderabad,bat,Rajasthan Royals,wickets,5.0,N,YC Barde,PR Reiffel
2020-09-23,RG Sharma,Sheikh Zayed Stadium,0,Mumbai Indians,Kolkata Knight Riders,Kolkata Knight Riders,field,Mumbai Indians,runs,49.0,N,CB Gaffaney,S Ravi
2020-10-17,S Dhawan,Sharjah Cricket Stadium,0,Chennai Super Kings,Delhi Capitals,Chennai Super Kings,bat,Delhi Capitals,wickets,5.0,N,KN Ananthapadmanabhan,RK Illingworth
2020-09-24,KL Rahul,Dubai International Cricket Stadium,0,Kings XI Punjab,Royal Challengers Bangalore,Royal Challengers Bangalore,field,Kings XI Punjab,runs,97.0,N,AK Chaudhary,PR Reiffel
2020-10-06,SA Yadav,Sheikh Zayed Stadium,0,Mumbai Indians,Rajasthan Royals,Mumbai Indians,bat,Mumbai Indians,runs,57.0,N,VK Sharma,S Ravi
2020-10-18,LH Ferguson,Sheikh Zayed Stadium,0,Kolkata Knight Riders,Sunrisers Hyderabad,Sunrisers Hyderabad,field,Kolkata Knight Riders,tie,,Y,PG Pathak,S Ravi
2020-10-04,SR Watson,Dubai International Cricket Stadium,0,Kings XI Punjab,Chennai Super Kings,Kings XI Punjab,bat,Chennai Super Kings,wickets,10.0,N,AY Dandekar,Nitin Menon
2020-10-03,YS Chahal,Sheikh Zayed Stadium,0,Rajasthan Royals,Royal Challengers Bangalore,Rajasthan Royals,bat,Royal Challengers Bangalore,wickets,8.0,N,CB Gaffaney,S Ravi
2020-10-03,SS Iyer,Sharjah Cricket Stadium,0,Delhi Capitals,Kolkata Knight Riders,Kolkata Knight Riders,field,Delhi Capitals,runs,18.0,N,VA Kulkarni,RK Illingworth
2020-10-02,PK Garg,Dubai International Cricket Stadium,0,Sunrisers Hyderabad,Chennai Super Kings,Sunrisers Hyderabad,bat,Sunrisers Hyderabad,runs,7.0,N,AK Chaudhary,PR Reiffel
2020-10-18,KL Rahul,Dubai International Cricket Stadium,0,Mumbai Indians,Kings XI Punjab,Mumbai Indians,bat,Kings XI Punjab,tie,,Y,Nitin Menon,PR Reiffel
2020-10-22,MK Pandey,Dubai International Cricket Stadium,0,Rajasthan Royals,Sunrisers Hyderabad,Sunrisers Hyderabad,field,Sunrisers Hyderabad,wickets,8.0,N,Nitin Menon,PR Reiffel
2020-10-05,AR Patel,Dubai International Cricket Stadium,0,Delhi Capitals,Royal Challengers Bangalore,Royal Challengers Bangalore,field,Delhi Capitals,runs,59.0,N,Nitin Menon,YC Barde
2020-10-26,CH Gayle,Sharjah Cricket Stadium,0,Kolkata Knight Riders,Kings XI Punjab,Kings XI Punjab,field,Kings XI Punjab,wickets,8.0,N,KN Ananthapadmanabhan,RK Illingworth
2020-10-23,TA Boult,Sharjah Cricket Stadium,0,Chennai Super Kings,Mumbai Indians,Mumbai Indians,field,Mumbai Indians,wickets,10.0,N,C Shamshuddin,VA Kulkarni
2020-10-17,AB de Villiers,Dubai International Cricket Stadium,0,Rajasthan Royals,Royal Challengers Bangalore,Rajasthan Royals,bat,Royal Challengers Bangalore,wickets,7.0,N,AK Chaudhary,Nitin Menon
2020-10-10,KD Karthik,Sheikh Zayed Stadium,0,Kolkata Knight Riders,Kings XI Punjab,Kolkata Knight Riders,bat,Kolkata Knight Riders,runs,2.0,N,UV Gandhe,CB Gaffaney
2020-10-27,WP Saha,Dubai International Cricket Stadium,0,Sunrisers Hyderabad,Delhi Capitals,Delhi Capitals,field,Sunrisers Hyderabad,runs,88.0,N,AK Chaudhary,Nitin Menon
2020-10-10,V Kohli,Dubai International Cricket Stadium,0,Royal Challengers Bangalore,Chennai Super Kings,Royal Challengers Bangalore,bat,Royal Challengers Bangalore,runs,37.0,N,AK Chaudhary,PR Reiffel
2020-10-16,Q de Kock,Sheikh Zayed Stadium,0,Kolkata Knight Riders,Mumbai Indians,Kolkata Knight Riders,bat,Mumbai Indians,wickets,8.0,N,CB Gaffaney,VK Sharma
2020-09-27,SV Samson,Sharjah Cricket Stadium,0,Kings XI Punjab,Rajasthan Royals,Rajasthan Royals,field,Rajasthan Royals,wickets,4.0,N,RK Illingworth,K Srinivasan
2020-10-13,RA Jadeja,Dubai International Cricket Stadium,0,Chennai Super Kings,Sunrisers Hyderabad,Chennai Super Kings,bat,Chennai Super Kings,runs,20.0,N,AK Chaudhary,PR Reiffel
2020-10-11,Q de Kock,Sheikh Zayed Stadium,0,Delhi Capitals,Mumbai Indians,Delhi Capitals,bat,Mumbai Indians,wickets,5.0,N,CB Gaffaney,S Ravi
2020-11-01,PJ Cummins,Dubai International Cricket Stadium,0,Kolkata Knight Riders,Rajasthan Royals,Rajasthan Royals,field,Kolkata Knight Riders,runs,60.0,N,Nitin Menon,PR Reiffel
2020-10-15,KL Rahul,Sharjah Cricket Stadium,0,Royal Challengers Bangalore,Kings XI Punjab,Royal Challengers Bangalore,bat,Kings XI Punjab,wickets,8.0,N,KN Ananthapadmanabhan,C Shamshuddin
2020-09-29,Rashid Khan,Sheikh Zayed Stadium,0,Sunrisers Hyderabad,Delhi Capitals,Delhi Capitals,field,Sunrisers Hyderabad,runs,15.0,N,VK Sharma,S Ravi
2020-10-19,JC Buttler,Sheikh Zayed Stadium,0,Chennai Super Kings,Rajasthan Royals,Chennai Super Kings,bat,Rajasthan Royals,wickets,7.0,N,CB Gaffaney,VK Sharma
2020-09-21,YS Chahal,Dubai International Cricket Stadium,0,Royal Challengers Bangalore,Sunrisers Hyderabad,Sunrisers Hyderabad,field,Royal Challengers Bangalore,runs,10.0,N,AY Dandekar,Nitin Menon
2020-10-31,Ishan Kishan,Dubai International Cricket Stadium,0,Delhi Capitals,Mumbai Indians,Mumbai Indians,field,Mumbai Indians,wickets,9.0,N,YC Barde,PR Reiffel
2020-10-29,RD Gaikwad,Dubai International Cricket Stadium,0,Kolkata Knight Riders,Chennai Super Kings,Chennai Super Kings,field,Chennai Super Kings,wickets,6.0,N,C Shamshuddin,RK Illingworth
2020-10-30,BA Stokes,Sheikh Zayed Stadium,0,Kings XI Punjab,Rajasthan Royals,Rajasthan Royals,field,Rajasthan Royals,wickets,7.0,N,CB Gaffaney,S Ravi
2020-10-04,TA Boult,Sharjah Cricket Stadium,0,Mumbai Indians,Sunrisers Hyderabad,Mumbai Indians,bat,Mumbai Indians,runs,34.0,N,KN Ananthapadmanabhan,RK Illingworth
2020-09-25,PP Shaw,Dubai International Cricket Stadium,0,Delhi Capitals,Chennai Super Kings,Chennai Super Kings,field,Delhi Capitals,runs,44.0,N,KN Ananthapadmanabhan,RK Illingworth
2020-10-12,AB de Villiers,Sharjah Cricket Stadium,0,Royal Challengers Bangalore,Kolkata Knight Riders,Royal Challengers Bangalore,bat,Royal Challengers Bangalore,runs,82.0,N,RK Illingworth,K Srinivasan
2020-10-25,BA Stokes,Sheikh Zayed Stadium,0,Mumbai Indians,Rajasthan Royals,Mumbai Indians,bat,Rajasthan Royals,wickets,8.0,N,UV Gandhe,VK Sharma
2020-10-08,JM Bairstow,Dubai International Cricket Stadium,0,Sunrisers Hyderabad,Kings XI Punjab,Sunrisers Hyderabad,bat,Sunrisers Hyderabad,runs,69.0,N,AK Chaudhary,Nitin Menon
2020-10-14,A Nortje,Dubai International Cricket Stadium,0,Delhi Capitals,Rajasthan Royals,Delhi Capitals,bat,Delhi Capitals,runs,13.0,N,AK Chaudhary,Nitin Menon
2020-10-25,RD Gaikwad,Dubai International Cricket Stadium,0,Royal Challengers Bangalore,Chennai Super Kings,Royal Challengers Bangalore,bat,Chennai Super Kings,wickets,8.0,N,C Shamshuddin,RK Illingworth
2020-09-26,Shubman Gill,Sheikh Zayed Stadium,0,Sunrisers Hyderabad,Kolkata Knight Riders,Sunrisers Hyderabad,bat,Kolkata Knight Riders,wickets,7.0,N,CB Gaffaney,VK Sharma
2020-10-20,S Dhawan,Dubai International Cricket Stadium,0,Delhi Capitals,Kings XI Punjab,Delhi Capitals,bat,Kings XI Punjab,wickets,5.0,N,C Shamshuddin,RK Illingworth
2020-09-28,AB de Villiers,Dubai International Cricket Stadium,0,Royal Challengers Bangalore,Mumbai Indians,Mumbai Indians,field,Royal Challengers Bangalore,tie,,Y,Nitin Menon,PR Reiffel
2020-11-05,JJ Bumrah,Dubai International Cricket Stadium,0,Mumbai Indians,Delhi Capitals,Delhi Capitals,field,Mumbai Indians,runs,57.0,N,CB Gaffaney,Nitin Menon
2020-11-06,KS Williamson,Sheikh Zayed Stadium,0,Royal Challengers Bangalore,Sunrisers Hyderabad,Sunrisers Hyderabad,field,Sunrisers Hyderabad,wickets,6.0,N,PR Reiffel,S Ravi
2020-11-08,MP Stoinis,Sheikh Zayed Stadium,0,Delhi Capitals,Sunrisers Hyderabad,Delhi Capitals,bat,Delhi Capitals,runs,17.0,N,PR Reiffel,S Ravi
2020-11-10,TA Boult,Dubai International Cricket Stadium,0,Delhi Capitals,Mumbai Indians,Delhi Capitals,bat,Mumbai Indians,wickets,5.0,N,CB Gaffaney,Nitin Menon
